error_id,error_date,customer_id,customer_segment,country,application_module,error_type,severity,app_version,device_type,operating_system,resolution_time_minutes,resolved,customer_churned_30d
ERR-00001,2024-11-23 11:07:01,CUST-0023,Enterprise,Polska,Integracje,Błąd API,Medium,3.7.7,Desktop,macOS,,False,True
ERR-00002,2024-05-20 21:15:14,CUST-0076,Mid-market,Polska,Eksport danych,Nieprawidłowe dane,Medium,3.2.5,Desktop,macOS,38.0,True,False
ERR-00003,2024-03-12 15:47:06,CUST-0213,Startup,Wielka Brytania,Płatności,Błąd bazy danych,Critical,3.9.0,Mobile,Android,215.0,True,False
ERR-00004,2024-12-12 14:47:57,CUST-0121,SMB,Polska,Integracje,Błąd autoryzacji,Medium,3.7.1,Mobile,iOS,32.0,True,False
ERR-00005,2024-10-06 08:05:37,CUST-0142,SMB,Polska,Raporty,Błąd autoryzacji,High,3.2.3,Desktop,Windows,157.0,True,False
ERR-00006,2024-08-04 08:02:01,CUST-0125,SMB,Hiszpania,Eksport danych,Timeout,Medium,3.9.7,Desktop,Windows,59.0,True,False
ERR-00007,2024-02-17 03:13:14,CUST-0116,SMB,Niemcy,Użytkownicy,Timeout,Critical,3.5.7,Desktop,macOS,572.0,True,False
ERR-00008,2024-09-15 17:38:01,CUST-0117,SMB,Hiszpania,Logowanie,Błąd API,High,3.1.0,Desktop,Windows,49.0,True,False
ERR-00009,2024-10-14 14:12:45,CUST-0004,Enterprise,Polska,Integracje,Błąd bazy danych,Medium,3.7.4,Desktop,macOS,41.0,True,False
ERR-00010,2024-11-28 15:44:34,CUST-0067,Mid-market,Niemcy,Logowanie,Błąd autoryzacji,Medium,3.3.7,Desktop,Windows,85.0,True,False
ERR-00011,2024-08-02 01:14:28,CUST-0022,Enterprise,Polska,Raporty,Błąd autoryzacji,Low,3.8.6,Desktop,macOS,26.0,True,False
ERR-00012,2024-10-28 22:17:51,CUST-0220,Startup,Polska,Płatności,Timeout,Critical,3.8.7,Mobile,Android,703.0,True,False
ERR-00013,2024-01-04 17:48:51,CUST-0199,Startup,Wielka Brytania,Płatności,Błąd bazy danych,High,3.9.8,Desktop,Windows,232.0,True,False
ERR-00014,2024-03-22 08:44:27,CUST-0029,Enterprise,Polska,Raporty,Timeout,High,3.5.5,Desktop,Windows,180.0,True,False
ERR-00015,2024-06-23 08:17:09,CUST-0131,SMB,Niemcy,Integracje,Błąd bazy danych,Medium,3.4.9,Desktop,macOS,44.0,True,False
ERR-00016,2024-04-20 08:48:21,CUST-0195,Startup,Niemcy,Płatności,Timeout,High,3.8.4,Mobile,iOS,148.0,True,False
ERR-00017,2024-02-22 10:05:24,CUST-0025,Enterprise,Polska,Integracje,Nieprawidłowe dane,Low,3.1.9,Desktop,Windows,5.0,True,False
ERR-00018,2024-02-19 13:22:54,CUST-0040,Mid-market,Wielka Brytania,Raporty,Nieprawidłowe dane,Medium,3.6.2,Desktop,Windows,16.0,True,False
ERR-00019,2024-06-25 11:38:16,CUST-0188,Startup,Polska,Logowanie,Timeout,High,3.6.1,Desktop,Windows,90.0,True,False
ERR-00020,2024-01-23 09:46:29,CUST-0002,Enterprise,Francja,Eksport danych,Timeout,Critical,3.1.3,Mobile,iOS,58.0,True,True
ERR-00021,2024-10-01 14:07:59,CUST-0117,SMB,Wielka Brytania,Płatności,Błąd API,Medium,3.4.7,Desktop,Windows,38.0,True,False
ERR-00022,2024-07-12 07:05:35,CUST-0023,Enterprise,Niemcy,Raporty,Timeout,High,3.8.9,Mobile,iOS,34.0,True,False
ERR-00023,2024-05-30 09:53:40,CUST-0161,Startup,Wielka Brytania,Integracje,Błąd bazy danych,Critical,3.8.9,Tablet,iOS,111.0,True,False
ERR-00024,2024-11-12 10:56:55,CUST-0195,Startup,Polska,Płatności,Nieprawidłowe dane,High,3.1.4,Mobile,Android,383.0,True,False
ERR-00025,2024-07-04 12:36:12,CUST-0207,Startup,Niemcy,Logowanie,Błąd bazy danych,Critical,3.1.3,Desktop,Windows,106.0,True,True
ERR-00026,2024-12-26 16:04:02,CUST-0072,Mid-market,Polska,Raporty,Nieprawidłowe dane,Medium,3.3.9,Desktop,Windows,80.0,True,False
ERR-00027,2024-12-04 08:14:49,CUST-0183,Startup,Francja,Użytkownicy,Timeout,High,3.9.0,Desktop,macOS,75.0,True,False
ERR-00028,2024-05-28 12:05:54,CUST-0142,SMB,Wielka Brytania,Integracje,Błąd autoryzacji,Low,3.1.9,Tablet,Android,83.0,True,False
ERR-00029,2024-04-29 13:55:06,CUST-0007,Enterprise,Polska,Integracje,Błąd bazy danych,Critical,3.8.2,Desktop,Windows,,False,True
ERR-00030,2024-07-13 02:17:29,CUST-0106,SMB,Francja,Integracje,Timeout,Medium,3.1.5,Desktop,macOS,154.0,True,False
ERR-00031,2024-11-21 14:53:23,CUST-0027,Enterprise,Polska,Logowanie,Błąd bazy danych,High,3.7.3,Mobile,Android,86.0,True,False
ERR-00032,2024-03-24 08:23:22,CUST-0065,Mid-market,Niemcy,Raporty,Timeout,High,3.4.4,Desktop,Windows,143.0,True,False
ERR-00033,2024-04-17 03:42:17,CUST-0009,Enterprise,Niemcy,Eksport danych,Błąd autoryzacji,Medium,3.8.6,Desktop,Windows,10.0,True,True
ERR-00034,2024-12-25 21:59:43,CUST-0030,Enterprise,Wielka Brytania,Logowanie,Błąd interfejsu,Medium,3.3.5,Desktop,Windows,136.0,True,False
ERR-00035,2024-11-27 22:04:38,CUST-0018,Enterprise,Francja,Płatności,Błąd autoryzacji,Low,3.7.5,Desktop,macOS,37.0,True,False
ERR-00036,2024-11-21 16:10:34,CUST-0115,SMB,Polska,Płatności,Błąd interfejsu,Medium,3.3.5,Mobile,Android,155.0,True,False
ERR-00037,2024-05-05 10:10:29,CUST-0005,Enterprise,Polska,Raporty,Błąd interfejsu,Medium,3.8.2,Desktop,Windows,42.0,True,False
ERR-00038,2024-07-13 05:17:59,CUST-0094,SMB,Polska,Użytkownicy,Nieprawidłowe dane,Critical,3.9.0,Desktop,macOS,191.0,True,False
ERR-00039,2024-11-23 15:44:35,CUST-0020,Enterprise,Polska,Logowanie,Błąd bazy danych,Critical,3.1.9,Desktop,Windows,314.0,True,False
ERR-00040,2024-04-22 11:43:20,CUST-0024,Enterprise,Polska,Raporty,Błąd API,Critical,3.8.9,Mobile,iOS,86.0,True,False
ERR-00041,2024-01-29 06:14:52,CUST-0068,Mid-market,Wielka Brytania,Logowanie,Nieprawidłowe dane,High,3.6.9,Mobile,iOS,115.0,True,False
ERR-00042,2024-01-17 12:51:20,CUST-0111,SMB,Niemcy,Użytkownicy,Timeout,High,3.1.9,Desktop,Windows,58.0,True,False
ERR-00043,2024-07-24 01:17:04,CUST-0008,Enterprise,Niemcy,Logowanie,Błąd API,Low,3.4.8,Desktop,Windows,,False,False
ERR-00044,2024-04-18 19:58:36,CUST-0034,Mid-market,Polska,Raporty,Błąd bazy danych,Critical,3.2.4,Desktop,macOS,562.0,True,False
ERR-00045,2024-06-10 09:13:41,CUST-0236,Startup,Wielka Brytania,Integracje,Błąd API,Medium,3.8.1,Tablet,iOS,33.0,True,False
ERR-00046,2024-09-12 14:25:56,CUST-0064,Mid-market,Francja,Integracje,Błąd API,Medium,3.8.4,Desktop,Windows,28.0,True,False
ERR-00047,2024-11-25 10:29:09,CUST-0008,Enterprise,Polska,Raporty,Timeout,High,3.1.5,Mobile,iOS,72.0,True,False
ERR-00048,2024-05-15 13:08:15,CUST-0021,Enterprise,Francja,Płatności,Błąd API,Medium,3.5.5,Desktop,Windows,53.0,True,True
ERR-00049,2024-10-14 13:34:16,CUST-0180,Startup,Niemcy,Raporty,Nieprawidłowe dane,Medium,3.8.7,Desktop,macOS,,False,True
ERR-00050,2024-10-26 08:27:57,CUST-0002,Enterprise,Polska,Płatności,Timeout,High,3.9.5,Desktop,Windows,80.0,True,False
ERR-00051,2024-10-25 22:25:23,CUST-0163,Startup,Niemcy,Płatności,Błąd interfejsu,Low,3.5.7,Mobile,Android,21.0,True,False
ERR-00052,2024-04-22 16:08:32,CUST-0057,Mid-market,Niemcy,Raporty,Błąd bazy danych,Critical,3.9.6,Desktop,Windows,72.0,True,False
ERR-00053,2024-09-09 20:05:48,CUST-0193,Startup,Polska,Płatności,Nieprawidłowe dane,Low,3.6.0,Tablet,iOS,60.0,True,False
ERR-00054,2024-01-25 18:55:07,CUST-0141,SMB,Wielka Brytania,Płatności,Błąd API,Low,3.4.6,Desktop,macOS,136.0,True,False
ERR-00055,2024-03-19 14:40:10,CUST-0163,Startup,Hiszpania,Integracje,Błąd bazy danych,High,3.8.9,Desktop,macOS,281.0,True,False
ERR-00056,2024-12-14 19:27:38,CUST-0022,Enterprise,Francja,Użytkownicy,Błąd autoryzacji,Medium,3.5.3,Desktop,Windows,,False,True
ERR-00057,2024-02-02 04:24:24,CUST-0098,SMB,Niemcy,Integracje,Nieprawidłowe dane,Medium,3.5.0,Mobile,Android,57.0,True,False
ERR-00058,2024-11-01 08:29:33,CUST-0031,Mid-market,Niemcy,Logowanie,Błąd autoryzacji,Low,3.5.3,Desktop,Windows,64.0,True,False
ERR-00059,2024-05-08 02:35:55,CUST-0066,Mid-market,Francja,Logowanie,Nieprawidłowe dane,Medium,3.8.9,Mobile,Android,41.0,True,False
ERR-00060,2024-01-06 10:43:46,CUST-0041,Mid-market,Niemcy,Użytkownicy,Błąd interfejsu,Medium,3.8.8,Tablet,iOS,52.0,True,False
ERR-00061,2024-02-28 11:43:56,CUST-0203,Startup,Polska,Płatności,Timeout,Critical,3.4.6,Tablet,iOS,,False,False
ERR-00062,2024-10-01 09:48:17,CUST-0234,Startup,Niemcy,Logowanie,Timeout,Critical,3.4.3,Desktop,Windows,282.0,True,False
ERR-00063,2024-11-24 17:21:07,CUST-0141,SMB,Hiszpania,Raporty,Błąd bazy danych,High,3.5.3,Mobile,iOS,116.0,True,True
ERR-00064,2024-05-30 10:27:10,CUST-0061,Mid-market,Niemcy,Integracje,Timeout,High,3.6.5,Mobile,Android,179.0,True,False
ERR-00065,2024-08-20 09:00:46,CUST-0072,Mid-market,Polska,Integracje,Nieprawidłowe dane,High,3.3.5,Desktop,Linux,108.0,True,False
ERR-00066,2024-05-14 13:32:48,CUST-0106,SMB,Hiszpania,Płatności,Błąd autoryzacji,Low,3.8.6,Desktop,Windows,21.0,True,False
ERR-00067,2024-04-01 07:32:58,CUST-0025,Enterprise,Polska,Logowanie,Błąd autoryzacji,Medium,3.5.2,Desktop,Windows,19.0,True,False
ERR-00068,2024-02-24 16:55:40,CUST-0010,Enterprise,Polska,Użytkownicy,Błąd interfejsu,Medium,3.4.3,Desktop,Windows,11.0,True,False
ERR-00069,2024-06-01 04:53:40,CUST-0011,Enterprise,Polska,Płatności,Błąd bazy danych,Critical,3.1.6,Desktop,Windows,150.0,True,False
ERR-00070,2024-09-16 23:38:12,CUST-0010,Enterprise,Polska,Integracje,Nieprawidłowe dane,Low,3.3.5,Desktop,Windows,9.0,True,False
ERR-00071,2024-03-19 16:23:48,CUST-0021,Enterprise,Hiszpania,Integracje,Timeout,High,3.9.6,Desktop,Windows,,False,False
ERR-00072,2024-03-23 08:34:49,CUST-0002,Enterprise,Niemcy,Integracje,Błąd bazy danych,Critical,3.4.1,Desktop,Windows,64.0,True,False
ERR-00073,2024-09-28 00:58:00,CUST-0030,Enterprise,Polska,Płatności,Błąd API,Medium,3.2.5,Desktop,macOS,42.0,True,False
ERR-00074,2024-11-02 17:20:31,CUST-0025,Enterprise,Wielka Brytania,Płatności,Błąd bazy danych,Medium,3.4.9,Desktop,macOS,44.0,True,False
ERR-00075,2024-01-10 15:07:59,CUST-0162,Startup,Wielka Brytania,Raporty,Błąd bazy danych,Critical,3.4.2,Desktop,macOS,489.0,True,True
ERR-00076,2024-07-04 15:56:53,CUST-0072,Mid-market,Wielka Brytania,Eksport danych,Błąd API,Medium,3.0.5,Desktop,Windows,50.0,True,False
ERR-00077,2024-06-06 16:15:03,CUST-0019,Enterprise,Polska,Użytkownicy,Błąd API,Medium,3.4.2,Desktop,Windows,77.0,True,False
ERR-00078,2024-05-03 03:56:36,CUST-0110,SMB,Niemcy,Logowanie,Timeout,High,3.6.1,Desktop,Windows,376.0,True,False
ERR-00079,2024-02-10 10:05:46,CUST-0018,Enterprise,Wielka Brytania,Logowanie,Błąd bazy danych,High,3.6.2,Desktop,Windows,121.0,True,False
ERR-00080,2024-09-05 06:52:04,CUST-0245,Startup,Hiszpania,Użytkownicy,Timeout,High,3.4.4,Mobile,Android,191.0,True,False
ERR-00081,2024-09-29 17:49:08,CUST-0085,SMB,Polska,Integracje,Błąd bazy danych,Medium,3.4.9,Desktop,Windows,42.0,True,False
ERR-00082,2024-03-06 14:42:30,CUST-0030,Enterprise,Polska,Eksport danych,Timeout,Medium,3.9.7,Mobile,Android,132.0,True,False
ERR-00083,2024-10-08 10:10:16,CUST-0042,Mid-market,Niemcy,Płatności,Błąd bazy danych,Critical,3.4.5,Desktop,Windows,134.0,True,False
ERR-00084,2024-09-27 03:55:38,CUST-0204,Startup,Wielka Brytania,Raporty,Błąd bazy danych,High,3.3.8,Desktop,Windows,83.0,True,False
ERR-00085,2024-08-04 10:13:59,CUST-0173,Startup,Niemcy,Integracje,Timeout,Medium,3.3.6,Desktop,macOS,63.0,True,False
ERR-00086,2024-10-03 10:48:46,CUST-0033,Mid-market,Niemcy,Integracje,Błąd autoryzacji,Medium,3.4.9,Desktop,macOS,19.0,True,False
ERR-00087,2024-12-19 15:12:45,CUST-0056,Mid-market,Polska,Raporty,Błąd autoryzacji,High,3.8.4,Mobile,iOS,405.0,True,False
ERR-00088,2024-06-08 14:25:42,CUST-0026,Enterprise,Francja,Logowanie,Błąd bazy danych,Medium,3.3.0,Desktop,macOS,,False,False
ERR-00089,2024-11-28 17:23:28,CUST-0214,Startup,Hiszpania,Raporty,Nieprawidłowe dane,Medium,3.8.2,Desktop,Windows,84.0,True,False
ERR-00090,2024-09-21 12:28:07,CUST-0006,Enterprise,Niemcy,Płatności,Błąd autoryzacji,Low,3.0.3,Desktop,macOS,17.0,True,False
ERR-00091,2024-05-06 06:14:04,CUST-0246,Startup,Hiszpania,Raporty,Błąd bazy danych,Low,3.4.7,Desktop,macOS,48.0,True,False
ERR-00092,2024-06-22 15:01:37,CUST-0049,Mid-market,Wielka Brytania,Użytkownicy,Timeout,Medium,3.8.5,Tablet,iOS,49.0,True,False
ERR-00093,2024-10-10 16:14:37,CUST-0033,Mid-market,Polska,Raporty,Błąd API,High,3.4.3,Mobile,iOS,39.0,True,False
ERR-00094,2024-04-22 13:00:04,CUST-0031,Mid-market,Niemcy,Eksport danych,Błąd interfejsu,Low,3.6.4,Desktop,Linux,31.0,True,False
ERR-00095,2024-12-28 16:40:03,CUST-0010,Enterprise,Polska,Logowanie,Timeout,Low,3.3.0,Desktop,Windows,24.0,True,False
ERR-00096,2024-04-27 12:04:57,CUST-0019,Enterprise,Hiszpania,Integracje,Błąd API,Medium,3.8.3,Desktop,macOS,26.0,True,True
ERR-00097,2024-01-17 13:55:21,CUST-0020,Enterprise,Niemcy,Użytkownicy,Błąd autoryzacji,High,3.0.7,Mobile,Android,107.0,True,True
ERR-00098,2024-02-06 11:32:15,CUST-0004,Enterprise,Francja,Logowanie,Błąd autoryzacji,Low,3.8.9,Desktop,Windows,9.0,True,False
ERR-00099,2024-05-22 01:42:31,CUST-0123,SMB,Hiszpania,Logowanie,Timeout,High,3.2.9,Desktop,Windows,,False,False
ERR-00100,2024-04-19 05:34:08,CUST-0010,Enterprise,Niemcy,Raporty,Błąd autoryzacji,Low,3.9.0,Mobile,iOS,9.0,True,False
ERR-00101,2024-10-19 01:36:30,CUST-0015,Enterprise,Wielka Brytania,Logowanie,Błąd bazy danych,High,3.4.4,Desktop,macOS,33.0,True,False
ERR-00102,2024-05-04 14:50:30,CUST-0233,Startup,Niemcy,Integracje,Błąd API,Medium,3.8.2,Desktop,Linux,55.0,True,False
ERR-00103,2024-07-27 10:12:06,CUST-0220,Startup,Polska,Użytkownicy,Błąd API,Medium,3.4.2,Tablet,Android,153.0,True,False
ERR-00104,2024-02-19 12:42:27,CUST-0218,Startup,Francja,Raporty,Błąd autoryzacji,Medium,3.9.2,Desktop,Windows,144.0,True,False
ERR-00105,2024-06-30 19:27:26,CUST-0214,Startup,Hiszpania,Płatności,Timeout,High,3.1.8,Desktop,macOS,118.0,True,False
ERR-00106,2024-08-27 09:55:46,CUST-0029,Enterprise,Polska,Raporty,Błąd bazy danych,Medium,3.2.6,Desktop,Windows,37.0,True,False
ERR-00107,2024-01-28 11:43:41,CUST-0005,Enterprise,Wielka Brytania,Integracje,Błąd interfejsu,Medium,3.5.3,Desktop,Windows,48.0,True,False
ERR-00108,2024-11-26 16:06:03,CUST-0145,SMB,Wielka Brytania,Logowanie,Błąd autoryzacji,Low,3.1.2,Desktop,Windows,18.0,True,False
ERR-00109,2024-07-25 09:46:21,CUST-0140,SMB,Polska,Raporty,Nieprawidłowe dane,High,3.2.9,Mobile,iOS,67.0,True,False
ERR-00110,2024-02-25 04:15:12,CUST-0009,Enterprise,Wielka Brytania,Integracje,Błąd API,Critical,3.9.5,Desktop,macOS,474.0,True,False
ERR-00111,2024-04-07 09:34:28,CUST-0105,SMB,Polska,Integracje,Błąd API,Critical,3.9.8,Mobile,Android,,False,True
ERR-00112,2024-03-12 08:27:11,CUST-0026,Enterprise,Polska,Płatności,Błąd API,High,3.4.5,Tablet,Android,80.0,True,False
ERR-00113,2024-05-22 20:29:15,CUST-0004,Enterprise,Polska,Integracje,Błąd autoryzacji,Medium,3.9.4,Desktop,Linux,130.0,True,False
ERR-00114,2024-02-08 16:28:51,CUST-0052,Mid-market,Wielka Brytania,Logowanie,Błąd autoryzacji,High,3.6.1,Desktop,macOS,76.0,True,True
ERR-00115,2024-10-08 14:06:03,CUST-0041,Mid-market,Francja,Logowanie,Błąd bazy danych,High,3.4.0,Desktop,Windows,153.0,True,False
ERR-00116,2024-11-29 17:34:53,CUST-0077,Mid-market,Polska,Eksport danych,Timeout,High,3.8.1,Tablet,Android,60.0,True,False
ERR-00117,2024-01-08 16:05:59,CUST-0015,Enterprise,Niemcy,Integracje,Błąd interfejsu,Medium,3.7.8,Mobile,iOS,19.0,True,False
ERR-00118,2024-05-01 08:10:26,CUST-0233,Startup,Francja,Logowanie,Błąd API,Medium,3.9.9,Desktop,Windows,,False,False
ERR-00119,2024-09-05 18:30:13,CUST-0009,Enterprise,Polska,Płatności,Błąd autoryzacji,High,3.3.9,Mobile,Android,,False,False
ERR-00120,2024-07-24 13:57:03,CUST-0023,Enterprise,Wielka Brytania,Płatności,Błąd bazy danych,High,3.8.0,Desktop,Windows,66.0,True,False
ERR-00121,2024-03-25 16:24:00,CUST-0174,Startup,Hiszpania,Płatności,Timeout,High,3.0.7,Tablet,Android,,False,False
ERR-00122,2024-07-18 18:16:59,CUST-0152,Startup,Niemcy,Płatności,Błąd API,Critical,3.1.7,Desktop,Windows,210.0,True,False
ERR-00123,2024-08-20 10:18:27,CUST-0245,Startup,Wielka Brytania,Logowanie,Błąd bazy danych,Medium,3.0.0,Desktop,Windows,36.0,True,False
ERR-00124,2024-12-22 05:46:50,CUST-0124,SMB,Niemcy,Raporty,Błąd interfejsu,Medium,3.9.9,Mobile,iOS,,False,False
ERR-00125,2024-10-11 09:42:45,CUST-0118,SMB,Wielka Brytania,Integracje,Nieprawidłowe dane,Critical,3.8.6,Desktop,Windows,163.0,True,False
ERR-00126,2024-09-06 11:09:12,CUST-0067,Mid-market,Francja,Integracje,Błąd bazy danych,High,3.8.6,Desktop,Windows,,False,False
ERR-00127,2024-05-31 17:13:03,CUST-0022,Enterprise,Francja,Integracje,Błąd bazy danych,High,3.5.6,Desktop,Windows,25.0,True,False
ERR-00128,2024-10-23 17:47:34,CUST-0079,Mid-market,Polska,Logowanie,Błąd interfejsu,Low,3.4.1,Desktop,Linux,37.0,True,False
ERR-00129,2024-02-01 00:47:20,CUST-0007,Enterprise,Wielka Brytania,Użytkownicy,Timeout,High,3.2.2,Desktop,macOS,63.0,True,False
ERR-00130,2024-01-30 12:03:37,CUST-0006,Enterprise,Niemcy,Eksport danych,Błąd autoryzacji,High,3.4.0,Tablet,Android,,False,False
ERR-00131,2024-09-01 11:32:58,CUST-0132,SMB,Polska,Eksport danych,Timeout,High,3.4.5,Desktop,macOS,57.0,True,True
ERR-00132,2024-09-28 08:10:03,CUST-0058,Mid-market,Polska,Eksport danych,Timeout,High,3.8.4,Desktop,Windows,54.0,True,False
ERR-00133,2024-09-17 06:05:54,CUST-0017,Enterprise,Niemcy,Użytkownicy,Błąd bazy danych,Medium,3.6.0,Mobile,iOS,13.0,True,False
ERR-00134,2024-04-05 10:04:38,CUST-0011,Enterprise,Niemcy,Raporty,Błąd bazy danych,Low,3.1.1,Desktop,Windows,19.0,True,False
ERR-00135,2024-02-04 20:43:55,CUST-0092,SMB,Francja,Płatności,Błąd API,Critical,3.0.2,Desktop,macOS,114.0,True,False
ERR-00136,2024-04-30 10:25:07,CUST-0013,Enterprise,Wielka Brytania,Integracje,Błąd autoryzacji,Medium,3.1.5,Mobile,Android,52.0,True,False
ERR-00137,2024-10-18 13:15:37,CUST-0236,Startup,Polska,Integracje,Błąd bazy danych,High,3.4.7,Mobile,Android,55.0,True,False
ERR-00138,2024-10-31 15:02:39,CUST-0037,Mid-market,Francja,Integracje,Timeout,Medium,3.9.4,Desktop,Linux,30.0,True,False
ERR-00139,2024-02-11 10:26:42,CUST-0042,Mid-market,Polska,Raporty,Błąd bazy danych,Critical,3.7.5,Mobile,Android,497.0,True,True
ERR-00140,2024-10-25 22:36:33,CUST-0039,Mid-market,Wielka Brytania,Logowanie,Błąd API,Critical,3.8.6,Desktop,Windows,315.0,True,False
ERR-00141,2024-06-10 21:59:16,CUST-0142,SMB,Hiszpania,Raporty,Timeout,High,3.4.9,Tablet,Android,54.0,True,True
ERR-00142,2024-04-14 09:42:45,CUST-0011,Enterprise,Niemcy,Użytkownicy,Błąd autoryzacji,Low,3.4.4,Desktop,macOS,31.0,True,False
ERR-00143,2024-06-09 12:15:16,CUST-0112,SMB,Francja,Raporty,Błąd autoryzacji,Medium,3.1.6,Mobile,iOS,,False,False
ERR-00144,2024-07-21 10:08:42,CUST-0031,Mid-market,Polska,Raporty,Nieprawidłowe dane,High,3.9.0,Desktop,Windows,101.0,True,False
ERR-00145,2024-11-26 09:19:29,CUST-0009,Enterprise,Niemcy,Płatności,Błąd interfejsu,Medium,3.8.5,Tablet,iOS,66.0,True,False
ERR-00146,2024-06-10 01:59:48,CUST-0200,Startup,Hiszpania,Raporty,Błąd bazy danych,Critical,3.2.5,Mobile,Android,357.0,True,False
ERR-00147,2024-02-07 14:00:29,CUST-0111,SMB,Niemcy,Eksport danych,Błąd autoryzacji,Medium,3.5.6,Mobile,Android,89.0,True,False
ERR-00148,2024-11-14 12:36:06,CUST-0138,SMB,Niemcy,Integracje,Błąd API,High,3.5.3,Desktop,macOS,649.0,True,False
ERR-00149,2024-02-07 02:34:13,CUST-0247,Startup,Niemcy,Eksport danych,Błąd bazy danych,High,3.7.3,Desktop,Windows,88.0,True,False
ERR-00150,2024-09-16 09:16:08,CUST-0185,Startup,Hiszpania,Raporty,Błąd bazy danych,Medium,3.9.5,Desktop,Windows,90.0,True,False
ERR-00151,2024-06-27 19:56:04,CUST-0123,SMB,Polska,Integracje,Błąd autoryzacji,Medium,3.6.6,Mobile,Android,57.0,True,False
ERR-00152,2024-05-05 09:23:18,CUST-0119,SMB,Polska,Płatności,Błąd autoryzacji,Low,3.6.1,Desktop,macOS,11.0,True,False
ERR-00153,2024-03-21 07:28:53,CUST-0082,SMB,Francja,Integracje,Błąd bazy danych,Critical,3.0.7,Tablet,Android,93.0,True,False
ERR-00154,2024-10-05 12:45:19,CUST-0114,SMB,Hiszpania,Raporty,Timeout,Critical,3.0.9,Mobile,iOS,120.0,True,False
ERR-00155,2024-11-09 23:51:41,CUST-0072,Mid-market,Polska,Raporty,Timeout,Critical,3.2.8,Desktop,macOS,273.0,True,False
ERR-00156,2024-09-27 09:00:42,CUST-0127,SMB,Polska,Integracje,Błąd autoryzacji,Medium,3.0.4,Mobile,Android,70.0,True,False
ERR-00157,2024-10-10 15:19:59,CUST-0023,Enterprise,Polska,Użytkownicy,Błąd API,Low,3.8.3,Desktop,macOS,,False,False
ERR-00158,2024-12-05 16:06:56,CUST-0181,Startup,Polska,Logowanie,Nieprawidłowe dane,High,3.8.2,Desktop,Windows,163.0,True,False
ERR-00159,2024-03-09 09:16:07,CUST-0158,Startup,Niemcy,Eksport danych,Błąd interfejsu,Medium,3.2.0,Desktop,Windows,25.0,True,False
ERR-00160,2024-02-24 15:47:35,CUST-0022,Enterprise,Francja,Płatności,Błąd API,Low,3.8.8,Desktop,macOS,15.0,True,True
ERR-00161,2024-03-20 10:17:18,CUST-0096,SMB,Francja,Raporty,Błąd API,Medium,3.2.3,Mobile,iOS,,False,True
ERR-00162,2024-11-05 14:13:45,CUST-0015,Enterprise,Francja,Logowanie,Błąd autoryzacji,Low,3.4.1,Desktop,Windows,44.0,True,False
ERR-00163,2024-06-24 14:13:43,CUST-0010,Enterprise,Niemcy,Płatności,Błąd API,Medium,3.3.7,Desktop,Windows,25.0,True,False
ERR-00164,2024-11-20 13:54:16,CUST-0101,SMB,Hiszpania,Raporty,Timeout,High,3.4.5,Mobile,Android,163.0,True,False
ERR-00165,2024-09-15 04:31:16,CUST-0013,Enterprise,Niemcy,Logowanie,Błąd bazy danych,Medium,3.3.8,Mobile,Android,,False,False
ERR-00166,2024-01-27 17:05:40,CUST-0145,SMB,Wielka Brytania,Raporty,Timeout,Critical,3.5.3,Desktop,Windows,453.0,True,False
ERR-00167,2024-08-04 10:53:17,CUST-0120,SMB,Francja,Użytkownicy,Timeout,High,3.4.7,Mobile,Android,229.0,True,False
ERR-00168,2024-01-23 08:00:21,CUST-0075,Mid-market,Polska,Logowanie,Błąd autoryzacji,Low,3.9.8,Desktop,macOS,26.0,True,False
ERR-00169,2024-03-07 02:40:16,CUST-0004,Enterprise,Francja,Eksport danych,Timeout,High,3.0.8,Desktop,Windows,140.0,True,False
ERR-00170,2024-03-23 13:47:28,CUST-0021,Enterprise,Polska,Raporty,Błąd autoryzacji,High,3.2.1,Desktop,Windows,52.0,True,False
ERR-00171,2024-10-09 15:45:27,CUST-0049,Mid-market,Francja,Integracje,Błąd autoryzacji,Medium,3.0.7,Desktop,macOS,121.0,True,False
ERR-00172,2024-10-14 00:00:07,CUST-0198,Startup,Polska,Płatności,Błąd interfejsu,Medium,3.7.3,Mobile,iOS,42.0,True,False
ERR-00173,2024-02-08 12:56:44,CUST-0070,Mid-market,Polska,Logowanie,Błąd API,Low,3.0.8,Desktop,Windows,16.0,True,False
ERR-00174,2024-03-17 09:34:02,CUST-0008,Enterprise,Wielka Brytania,Logowanie,Błąd API,Low,3.8.8,Mobile,Android,6.0,True,True
ERR-00175,2024-07-08 14:37:35,CUST-0045,Mid-market,Polska,Logowanie,Nieprawidłowe dane,Medium,3.5.6,Desktop,Windows,92.0,True,False
ERR-00176,2024-03-16 08:27:08,CUST-0039,Mid-market,Hiszpania,Logowanie,Błąd interfejsu,High,3.5.9,Desktop,Windows,88.0,True,True
ERR-00177,2024-01-22 15:19:23,CUST-0142,SMB,Polska,Integracje,Błąd API,High,3.6.4,Tablet,Android,76.0,True,False
ERR-00178,2024-01-21 11:57:22,CUST-0005,Enterprise,Francja,Eksport danych,Nieprawidłowe dane,Low,3.2.5,Mobile,iOS,9.0,True,False
ERR-00179,2024-04-17 20:43:15,CUST-0139,SMB,Francja,Eksport danych,Timeout,High,3.2.9,Desktop,Windows,323.0,True,False
ERR-00180,2024-12-07 07:06:22,CUST-0078,Mid-market,Niemcy,Integracje,Timeout,Critical,3.4.2,Desktop,Windows,417.0,True,False
ERR-00181,2024-10-13 10:56:55,CUST-0228,Startup,Polska,Logowanie,Błąd API,Medium,3.6.9,Desktop,Windows,79.0,True,False
ERR-00182,2024-07-27 06:39:47,CUST-0012,Enterprise,Polska,Płatności,Błąd bazy danych,Critical,3.3.1,Desktop,Windows,160.0,True,False
ERR-00183,2024-03-20 19:59:59,CUST-0057,Mid-market,Polska,Płatności,Błąd bazy danych,Medium,3.1.7,Mobile,Android,47.0,True,True
ERR-00184,2024-05-01 17:55:10,CUST-0240,Startup,Polska,Płatności,Timeout,Critical,3.9.7,Mobile,iOS,241.0,True,True
ERR-00185,2024-03-31 09:56:26,CUST-0018,Enterprise,Francja,Raporty,Błąd autoryzacji,High,3.0.3,Desktop,Windows,171.0,True,False
ERR-00186,2024-01-13 14:11:47,CUST-0211,Startup,Wielka Brytania,Raporty,Błąd bazy danych,Critical,3.8.6,Tablet,Android,141.0,True,False
ERR-00187,2024-06-19 17:50:59,CUST-0149,SMB,Wielka Brytania,Raporty,Błąd autoryzacji,Medium,3.8.6,Desktop,Windows,53.0,True,False
ERR-00188,2024-07-29 13:51:42,CUST-0026,Enterprise,Hiszpania,Raporty,Błąd API,Medium,3.4.1,Desktop,Linux,23.0,True,False
ERR-00189,2024-05-07 13:17:10,CUST-0022,Enterprise,Hiszpania,Eksport danych,Błąd bazy danych,Critical,3.2.0,Desktop,Windows,,False,False
ERR-00190,2024-12-25 09:06:24,CUST-0108,SMB,Francja,Eksport danych,Błąd bazy danych,High,3.2.1,Desktop,Windows,128.0,True,False
ERR-00191,2024-01-20 05:54:30,CUST-0025,Enterprise,Polska,Płatności,Błąd bazy danych,High,3.8.1,Desktop,macOS,,False,False
ERR-00192,2024-04-23 18:12:52,CUST-0046,Mid-market,Wielka Brytania,Użytkownicy,Nieprawidłowe dane,High,3.7.6,Desktop,Windows,95.0,True,False
ERR-00193,2024-08-23 18:22:19,CUST-0022,Enterprise,Francja,Użytkownicy,Błąd API,High,3.8.5,Desktop,Windows,,False,False
ERR-00194,2024-04-26 14:14:01,CUST-0079,Mid-market,Niemcy,Płatności,Błąd bazy danych,Critical,3.9.5,Desktop,Windows,212.0,True,False
ERR-00195,2024-12-03 10:12:25,CUST-0020,Enterprise,Polska,Raporty,Błąd bazy danych,High,3.8.1,Mobile,Android,32.0,True,False
ERR-00196,2024-06-17 10:17:55,CUST-0161,Startup,Niemcy,Raporty,Timeout,Critical,3.2.3,Desktop,Windows,302.0,True,False
ERR-00197,2024-02-05 15:49:17,CUST-0218,Startup,Niemcy,Użytkownicy,Błąd autoryzacji,High,3.3.6,Desktop,macOS,90.0,True,False
ERR-00198,2024-06-28 18:41:32,CUST-0208,Startup,Wielka Brytania,Eksport danych,Timeout,Medium,3.8.8,Mobile,Android,,False,False
ERR-00199,2024-07-23 17:43:53,CUST-0148,SMB,Niemcy,Logowanie,Błąd API,Medium,3.3.1,Tablet,iOS,32.0,True,False
ERR-00200,2024-10-01 16:21:01,CUST-0023,Enterprise,Niemcy,Raporty,Błąd bazy danych,High,3.1.0,Tablet,Android,27.0,True,False
ERR-00201,2024-02-29 14:56:16,CUST-0127,SMB,Wielka Brytania,Raporty,Nieprawidłowe dane,Medium,3.8.1,Desktop,Windows,,False,False
ERR-00202,2024-04-01 04:37:16,CUST-0003,Enterprise,Polska,Raporty,Timeout,Critical,3.4.6,Desktop,Windows,218.0,True,True
ERR-00203,2024-01-20 08:06:38,CUST-0030,Enterprise,Niemcy,Logowanie,Błąd autoryzacji,Medium,3.9.4,Desktop,Linux,27.0,True,False
ERR-00204,2024-08-10 18:22:46,CUST-0019,Enterprise,Polska,Eksport danych,Błąd interfejsu,High,3.7.7,Desktop,Windows,82.0,True,False
ERR-00205,2024-06-09 14:27:38,CUST-0038,Mid-market,Francja,Integracje,Błąd autoryzacji,Critical,3.1.3,Tablet,iOS,,False,False
ERR-00206,2024-09-18 00:07:24,CUST-0088,SMB,Wielka Brytania,Eksport danych,Błąd API,Medium,3.9.6,Desktop,Windows,98.0,True,False
ERR-00207,2024-10-22 05:12:16,CUST-0145,SMB,Polska,Eksport danych,Błąd API,High,3.3.8,Desktop,Windows,181.0,True,False
ERR-00208,2024-01-23 14:45:27,CUST-0043,Mid-market,Wielka Brytania,Integracje,Błąd API,Medium,3.4.3,Desktop,Windows,47.0,True,False
ERR-00209,2024-01-01 00:33:59,CUST-0019,Enterprise,Polska,Raporty,Błąd autoryzacji,High,3.4.6,Desktop,Windows,52.0,True,False
ERR-00210,2024-10-02 08:43:46,CUST-0219,Startup,Wielka Brytania,Integracje,Błąd autoryzacji,Low,3.0.7,Mobile,Android,28.0,True,False
ERR-00211,2024-12-09 13:12:23,CUST-0040,Mid-market,Hiszpania,Logowanie,Błąd autoryzacji,Critical,3.5.4,Desktop,Windows,,False,False
ERR-00212,2024-08-08 15:04:42,CUST-0041,Mid-market,Hiszpania,Integracje,Błąd API,Low,3.1.8,Desktop,macOS,,False,False
ERR-00213,2024-06-18 14:39:20,CUST-0011,Enterprise,Polska,Logowanie,Błąd API,Medium,3.4.6,Desktop,Windows,41.0,True,False
ERR-00214,2024-12-05 09:54:07,CUST-0147,SMB,Wielka Brytania,Integracje,Timeout,Critical,3.4.4,Desktop,Windows,254.0,True,False
ERR-00215,2024-06-02 15:32:19,CUST-0137,SMB,Francja,Płatności,Błąd bazy danych,High,3.8.5,Desktop,Windows,272.0,True,True
ERR-00216,2024-12-07 09:26:20,CUST-0004,Enterprise,Polska,Logowanie,Nieprawidłowe dane,Medium,3.8.6,Desktop,Windows,72.0,True,False
ERR-00217,2024-07-25 10:44:18,CUST-0022,Enterprise,Hiszpania,Logowanie,Błąd autoryzacji,Medium,3.2.3,Desktop,Windows,16.0,True,False
ERR-00218,2024-10-10 16:08:12,CUST-0107,SMB,Polska,Logowanie,Błąd API,High,3.4.4,Mobile,Android,,False,False
ERR-00219,2024-08-03 14:42:24,CUST-0143,SMB,Wielka Brytania,Integracje,Błąd bazy danych,High,3.4.5,Tablet,Android,63.0,True,False
ERR-00220,2024-12-12 17:47:57,CUST-0003,Enterprise,Polska,Integracje,Timeout,Medium,3.2.2,Tablet,iOS,40.0,True,False
ERR-00221,2024-03-30 14:39:36,CUST-0216,Startup,Francja,Raporty,Timeout,High,3.8.6,Tablet,iOS,101.0,True,False
ERR-00222,2024-06-03 13:25:35,CUST-0015,Enterprise,Niemcy,Logowanie,Błąd bazy danych,High,3.8.2,Desktop,Windows,24.0,True,True
ERR-00223,2024-01-01 05:19:18,CUST-0034,Mid-market,Polska,Logowanie,Nieprawidłowe dane,Low,3.2.8,Desktop,Windows,61.0,True,False
ERR-00224,2024-04-17 10:27:50,CUST-0209,Startup,Polska,Logowanie,Nieprawidłowe dane,Medium,3.4.5,Desktop,macOS,41.0,True,False
ERR-00225,2024-10-23 09:38:41,CUST-0039,Mid-market,Polska,Logowanie,Błąd API,Medium,3.1.5,Mobile,Android,,False,False
ERR-00226,2024-06-13 09:29:28,CUST-0063,Mid-market,Niemcy,Eksport danych,Błąd bazy danych,Medium,3.7.4,Tablet,iOS,,False,False
ERR-00227,2024-08-14 22:43:13,CUST-0014,Enterprise,Polska,Płatności,Timeout,High,3.1.8,Mobile,Android,181.0,True,False
ERR-00228,2024-09-18 11:30:50,CUST-0015,Enterprise,Niemcy,Raporty,Błąd bazy danych,Critical,3.9.8,Desktop,Windows,,False,False
ERR-00229,2024-03-27 18:42:05,CUST-0223,Startup,Polska,Logowanie,Błąd API,Low,3.8.5,Tablet,iOS,55.0,True,False
ERR-00230,2024-05-25 14:32:42,CUST-0034,Mid-market,Polska,Płatności,Timeout,High,3.4.6,Desktop,Windows,174.0,True,False
ERR-00231,2024-11-20 16:39:21,CUST-0222,Startup,Francja,Raporty,Błąd bazy danych,Critical,3.6.6,Desktop,Windows,166.0,True,False
ERR-00232,2024-02-17 12:52:48,CUST-0015,Enterprise,Polska,Integracje,Błąd API,Medium,3.9.3,Desktop,Windows,18.0,True,False
ERR-00233,2024-04-30 13:43:19,CUST-0022,Enterprise,Wielka Brytania,Płatności,Timeout,Critical,3.6.3,Desktop,macOS,,False,False
ERR-00234,2024-04-25 12:51:12,CUST-0026,Enterprise,Wielka Brytania,Logowanie,Błąd interfejsu,Medium,3.2.6,Desktop,Windows,32.0,True,True
ERR-00235,2024-03-16 08:01:02,CUST-0120,SMB,Francja,Raporty,Błąd autoryzacji,Medium,3.4.5,Desktop,Windows,31.0,True,False
ERR-00236,2024-05-05 15:30:39,CUST-0024,Enterprise,Niemcy,Płatności,Timeout,Low,3.8.8,Desktop,Windows,10.0,True,False
ERR-00237,2024-02-07 09:29:26,CUST-0153,Startup,Wielka Brytania,Płatności,Błąd autoryzacji,Medium,3.7.6,Desktop,macOS,50.0,True,False
ERR-00238,2024-11-18 01:36:12,CUST-0056,Mid-market,Polska,Użytkownicy,Błąd bazy danych,Critical,3.7.7,Mobile,iOS,105.0,True,False
ERR-00239,2024-12-22 14:24:31,CUST-0183,Startup,Polska,Integracje,Błąd bazy danych,Low,3.9.0,Mobile,iOS,19.0,True,False
ERR-00240,2024-07-23 08:15:09,CUST-0027,Enterprise,Polska,Raporty,Timeout,High,3.9.2,Desktop,Windows,116.0,True,False
ERR-00241,2024-12-01 20:44:00,CUST-0151,Startup,Hiszpania,Raporty,Błąd bazy danych,Critical,3.9.3,Mobile,iOS,154.0,True,False
ERR-00242,2024-02-24 21:49:27,CUST-0108,SMB,Polska,Raporty,Timeout,High,3.1.4,Tablet,iOS,48.0,True,False
ERR-00243,2024-04-22 19:11:51,CUST-0090,SMB,Niemcy,Raporty,Błąd bazy danych,High,3.6.1,Desktop,Windows,164.0,True,False
ERR-00244,2024-12-22 10:33:29,CUST-0086,SMB,Wielka Brytania,Integracje,Błąd API,Critical,3.8.3,Desktop,Windows,985.0,True,False
ERR-00245,2024-01-26 00:35:15,CUST-0135,SMB,Wielka Brytania,Integracje,Błąd API,High,3.8.4,Desktop,Windows,93.0,True,False
ERR-00246,2024-03-03 20:29:08,CUST-0053,Mid-market,Niemcy,Logowanie,Błąd interfejsu,Medium,3.7.1,Desktop,macOS,,False,False
ERR-00247,2024-08-25 11:42:33,CUST-0023,Enterprise,Polska,Raporty,Timeout,Critical,3.2.5,Mobile,Android,60.0,True,False
ERR-00248,2024-10-13 22:38:20,CUST-0003,Enterprise,Hiszpania,Raporty,Błąd autoryzacji,High,3.8.6,Mobile,iOS,73.0,True,False
ERR-00249,2024-08-14 22:39:52,CUST-0220,Startup,Niemcy,Eksport danych,Błąd API,Medium,3.8.2,Desktop,macOS,186.0,True,False
ERR-00250,2024-09-15 17:27:53,CUST-0034,Mid-market,Polska,Integracje,Błąd interfejsu,Medium,3.1.2,Mobile,iOS,90.0,True,False
ERR-00251,2024-10-07 09:28:57,CUST-0089,SMB,Polska,Raporty,Timeout,High,3.4.9,Mobile,iOS,162.0,True,False
ERR-00252,2024-03-22 11:47:55,CUST-0061,Mid-market,Wielka Brytania,Logowanie,Błąd autoryzacji,Critical,3.2.6,Tablet,iOS,145.0,True,False
ERR-00253,2024-08-31 17:28:16,CUST-0002,Enterprise,Francja,Integracje,Timeout,Critical,3.4.3,Desktop,Windows,139.0,True,False
ERR-00254,2024-05-06 10:53:40,CUST-0010,Enterprise,Hiszpania,Logowanie,Błąd API,Low,3.0.2,Tablet,iOS,6.0,True,True
ERR-00255,2024-05-21 08:49:49,CUST-0133,SMB,Wielka Brytania,Płatności,Błąd autoryzacji,High,3.4.6,Desktop,Windows,181.0,True,False
ERR-00256,2024-09-23 13:31:40,CUST-0042,Mid-market,Niemcy,Logowanie,Błąd bazy danych,High,3.6.2,Desktop,macOS,160.0,True,False
ERR-00257,2024-05-02 20:17:28,CUST-0025,Enterprise,Niemcy,Integracje,Błąd interfejsu,Low,3.7.2,Desktop,Windows,55.0,True,False
ERR-00258,2024-02-09 15:45:18,CUST-0039,Mid-market,Niemcy,Płatności,Błąd API,Medium,3.7.9,Desktop,Linux,30.0,True,False
ERR-00259,2024-04-30 13:17:21,CUST-0025,Enterprise,Polska,Raporty,Timeout,High,3.8.8,Mobile,iOS,24.0,True,False
ERR-00260,2024-06-12 05:57:34,CUST-0072,Mid-market,Niemcy,Eksport danych,Błąd API,High,3.3.2,Desktop,macOS,112.0,True,True
ERR-00261,2024-02-11 14:08:09,CUST-0024,Enterprise,Hiszpania,Płatności,Błąd autoryzacji,Low,3.1.8,Desktop,Windows,23.0,True,False
ERR-00262,2024-04-28 23:24:44,CUST-0134,SMB,Francja,Raporty,Nieprawidłowe dane,High,3.8.9,Desktop,Windows,233.0,True,False
ERR-00263,2024-03-19 07:45:13,CUST-0012,Enterprise,Wielka Brytania,Raporty,Błąd API,Medium,3.2.3,Mobile,iOS,16.0,True,False
ERR-00264,2024-02-02 12:26:26,CUST-0055,Mid-market,Niemcy,Logowanie,Timeout,Medium,3.9.8,Desktop,Windows,31.0,True,False
ERR-00265,2024-06-18 17:34:29,CUST-0015,Enterprise,Francja,Eksport danych,Błąd bazy danych,Critical,3.8.8,Mobile,iOS,131.0,True,False
ERR-00266,2024-07-31 16:03:13,CUST-0028,Enterprise,Francja,Logowanie,Błąd API,Medium,3.5.5,Desktop,Windows,22.0,True,False
ERR-00267,2024-08-03 15:24:57,CUST-0030,Enterprise,Niemcy,Raporty,Błąd bazy danych,High,3.9.8,Desktop,macOS,141.0,True,False
ERR-00268,2024-10-26 15:44:01,CUST-0055,Mid-market,Francja,Raporty,Błąd autoryzacji,Medium,3.1.4,Desktop,Windows,47.0,True,False
ERR-00269,2024-10-21 10:24:30,CUST-0055,Mid-market,Polska,Integracje,Nieprawidłowe dane,High,3.4.1,Desktop,Windows,190.0,True,False
ERR-00270,2024-01-04 09:22:19,CUST-0003,Enterprise,Niemcy,Integracje,Błąd interfejsu,Medium,3.7.5,Desktop,macOS,36.0,True,False
ERR-00271,2024-07-18 16:54:57,CUST-0150,SMB,Polska,Płatności,Błąd bazy danych,Medium,3.4.4,Desktop,Windows,109.0,True,False
ERR-00272,2024-08-02 16:34:47,CUST-0168,Startup,Niemcy,Logowanie,Błąd interfejsu,Low,3.9.4,Tablet,Android,25.0,True,False
ERR-00273,2024-10-06 17:51:38,CUST-0125,SMB,Niemcy,Integracje,Błąd autoryzacji,Low,3.0.9,Desktop,Windows,63.0,True,False
ERR-00274,2024-04-22 19:31:14,CUST-0004,Enterprise,Francja,Raporty,Błąd API,High,3.6.2,Desktop,Windows,42.0,True,False
ERR-00275,2024-05-19 12:27:31,CUST-0042,Mid-market,Wielka Brytania,Eksport danych,Błąd bazy danych,High,3.6.8,Desktop,Windows,112.0,True,False
ERR-00276,2024-01-15 12:24:21,CUST-0018,Enterprise,Francja,Eksport danych,Błąd API,Low,3.7.7,Mobile,iOS,9.0,True,False
ERR-00277,2024-12-08 16:43:51,CUST-0013,Enterprise,Francja,Eksport danych,Błąd API,Low,3.3.8,Desktop,Windows,15.0,True,False
ERR-00278,2024-07-26 14:46:10,CUST-0218,Startup,Niemcy,Raporty,Timeout,High,3.4.4,Desktop,Windows,105.0,True,False
ERR-00279,2024-08-27 15:58:08,CUST-0005,Enterprise,Francja,Płatności,Błąd autoryzacji,Critical,3.8.8,Mobile,Android,82.0,True,True
ERR-00280,2024-11-14 16:34:01,CUST-0077,Mid-market,Polska,Eksport danych,Timeout,High,3.2.9,Desktop,Windows,363.0,True,False
ERR-00281,2024-07-20 18:37:36,CUST-0045,Mid-market,Polska,Raporty,Błąd autoryzacji,Critical,3.8.8,Desktop,Windows,105.0,True,False
ERR-00282,2024-12-05 10:01:05,CUST-0081,SMB,Niemcy,Logowanie,Błąd bazy danych,High,3.6.4,Desktop,Linux,,False,False
ERR-00283,2024-11-25 11:27:08,CUST-0079,Mid-market,Niemcy,Eksport danych,Timeout,Medium,3.8.4,Desktop,macOS,90.0,True,False
ERR-00284,2024-08-24 05:11:03,CUST-0001,Enterprise,Polska,Eksport danych,Błąd autoryzacji,High,3.8.2,Desktop,Windows,271.0,True,False
ERR-00285,2024-05-13 13:24:20,CUST-0010,Enterprise,Polska,Raporty,Błąd API,Medium,3.3.1,Desktop,Windows,11.0,True,False
ERR-00286,2024-04-18 01:29:20,CUST-0060,Mid-market,Polska,Logowanie,Błąd API,High,3.6.5,Desktop,macOS,151.0,True,False
ERR-00287,2024-06-21 12:48:56,CUST-0022,Enterprise,Wielka Brytania,Raporty,Nieprawidłowe dane,Critical,3.9.0,Desktop,Windows,80.0,True,False
ERR-00288,2024-07-13 13:17:48,CUST-0024,Enterprise,Polska,Eksport danych,Błąd API,Low,3.4.8,Desktop,Windows,6.0,True,False
ERR-00289,2024-08-03 09:16:53,CUST-0018,Enterprise,Niemcy,Użytkownicy,Timeout,Medium,3.9.7,Tablet,Android,25.0,True,True
ERR-00290,2024-02-11 13:30:01,CUST-0014,Enterprise,Polska,Płatności,Nieprawidłowe dane,High,3.4.9,Mobile,Android,187.0,True,False
ERR-00291,2024-10-03 01:03:22,CUST-0018,Enterprise,Francja,Logowanie,Błąd API,Low,3.2.1,Mobile,iOS,5.0,True,False
ERR-00292,2024-04-24 02:41:04,CUST-0013,Enterprise,Polska,Eksport danych,Błąd autoryzacji,Low,3.4.6,Desktop,macOS,18.0,True,False
ERR-00293,2024-11-29 17:02:48,CUST-0045,Mid-market,Polska,Raporty,Błąd API,Low,3.9.6,Desktop,Windows,25.0,True,False
ERR-00294,2024-01-16 10:15:12,CUST-0112,SMB,Niemcy,Raporty,Błąd interfejsu,Low,3.4.2,Desktop,Windows,72.0,True,False
ERR-00295,2024-01-11 06:39:09,CUST-0139,SMB,Polska,Użytkownicy,Timeout,Critical,3.9.0,Desktop,macOS,,False,False
ERR-00296,2024-05-02 13:08:30,CUST-0012,Enterprise,Polska,Logowanie,Timeout,Medium,3.9.1,Tablet,iOS,,False,True
ERR-00297,2024-12-08 16:07:36,CUST-0005,Enterprise,Polska,Integracje,Błąd autoryzacji,Medium,3.4.4,Desktop,Windows,13.0,True,False
ERR-00298,2024-04-21 08:29:44,CUST-0009,Enterprise,Polska,Logowanie,Błąd autoryzacji,Medium,3.1.2,Desktop,Windows,44.0,True,False
ERR-00299,2024-05-11 14:49:23,CUST-0043,Mid-market,Polska,Raporty,Błąd API,Medium,3.8.2,Desktop,Windows,,False,False
ERR-00300,2024-03-26 04:38:38,CUST-0095,SMB,Polska,Eksport danych,Błąd API,Low,3.4.2,Desktop,macOS,44.0,True,False
ERR-00301,2024-02-28 02:49:52,CUST-0002,Enterprise,Hiszpania,Raporty,Błąd autoryzacji,High,3.8.5,Desktop,macOS,89.0,True,False
ERR-00302,2024-03-24 13:19:06,CUST-0235,Startup,Niemcy,Użytkownicy,Błąd interfejsu,Low,3.4.8,Desktop,Windows,110.0,True,False
ERR-00303,2024-10-23 13:01:59,CUST-0014,Enterprise,Niemcy,Raporty,Błąd bazy danych,Critical,3.5.2,Desktop,macOS,253.0,True,False
ERR-00304,2024-06-08 14:36:43,CUST-0070,Mid-market,Polska,Płatności,Błąd API,High,3.8.5,Mobile,Android,40.0,True,True
ERR-00305,2024-07-11 15:25:45,CUST-0083,SMB,Wielka Brytania,Płatności,Nieprawidłowe dane,Medium,3.4.5,Desktop,Windows,58.0,True,False
ERR-00306,2024-04-11 22:04:37,CUST-0181,Startup,Niemcy,Raporty,Błąd autoryzacji,Medium,3.4.8,Tablet,Android,58.0,True,False
ERR-00307,2024-12-19 12:53:40,CUST-0107,SMB,Polska,Raporty,Błąd API,Medium,3.4.5,Mobile,Android,42.0,True,False
ERR-00308,2024-05-04 10:06:44,CUST-0089,SMB,Francja,Logowanie,Błąd bazy danych,High,3.4.5,Desktop,Windows,117.0,True,False
ERR-00309,2024-06-03 16:54:43,CUST-0004,Enterprise,Polska,Raporty,Nieprawidłowe dane,High,3.5.8,Mobile,Android,52.0,True,False
ERR-00310,2024-11-03 09:51:07,CUST-0085,SMB,Polska,Raporty,Nieprawidłowe dane,High,3.8.7,Desktop,Windows,113.0,True,False
ERR-00311,2024-10-16 11:50:02,CUST-0015,Enterprise,Niemcy,Integracje,Timeout,High,3.4.4,Tablet,iOS,255.0,True,False
ERR-00312,2024-06-26 04:34:27,CUST-0227,Startup,Wielka Brytania,Integracje,Błąd interfejsu,Medium,3.5.8,Desktop,Windows,29.0,True,False
ERR-00313,2024-12-04 01:23:04,CUST-0074,Mid-market,Niemcy,Integracje,Błąd autoryzacji,Critical,3.8.0,Desktop,Windows,562.0,True,False
ERR-00314,2024-09-16 21:41:21,CUST-0087,SMB,Francja,Logowanie,Nieprawidłowe dane,Critical,3.4.0,Desktop,Windows,247.0,True,False
ERR-00315,2024-01-07 17:54:26,CUST-0046,Mid-market,Wielka Brytania,Płatności,Błąd interfejsu,Medium,3.4.0,Desktop,Windows,63.0,True,False
ERR-00316,2024-09-07 15:06:27,CUST-0078,Mid-market,Polska,Integracje,Błąd autoryzacji,Medium,3.9.5,Tablet,Android,101.0,True,False
ERR-00317,2024-07-04 11:40:57,CUST-0033,Mid-market,Polska,Raporty,Błąd bazy danych,High,3.8.2,Desktop,macOS,79.0,True,False
ERR-00318,2024-08-23 08:45:09,CUST-0132,SMB,Niemcy,Logowanie,Błąd autoryzacji,Critical,3.6.6,Mobile,iOS,225.0,True,True
ERR-00319,2024-08-10 08:11:46,CUST-0015,Enterprise,Niemcy,Eksport danych,Błąd API,Low,3.7.7,Desktop,macOS,13.0,True,False
ERR-00320,2024-09-24 09:41:17,CUST-0008,Enterprise,Niemcy,Eksport danych,Błąd API,Medium,3.0.4,Tablet,iOS,24.0,True,False
ERR-00321,2024-11-11 13:51:58,CUST-0018,Enterprise,Wielka Brytania,Raporty,Błąd API,Low,3.7.2,Desktop,Windows,44.0,True,False
ERR-00322,2024-10-02 15:49:30,CUST-0007,Enterprise,Francja,Logowanie,Błąd interfejsu,Low,3.5.6,Desktop,macOS,,False,False
ERR-00323,2024-08-26 14:27:52,CUST-0247,Startup,Francja,Eksport danych,Błąd bazy danych,High,3.6.1,Desktop,Windows,295.0,True,True
ERR-00324,2024-10-30 09:17:20,CUST-0028,Enterprise,Polska,Raporty,Błąd API,Critical,3.4.4,Mobile,Android,59.0,True,False
ERR-00325,2024-05-05 21:53:59,CUST-0250,Startup,Hiszpania,Eksport danych,Nieprawidłowe dane,Low,3.1.2,Desktop,Windows,15.0,True,False
ERR-00326,2024-02-14 15:17:56,CUST-0002,Enterprise,Wielka Brytania,Eksport danych,Błąd interfejsu,Medium,3.2.9,Desktop,macOS,,False,False
ERR-00327,2024-08-18 13:15:48,CUST-0005,Enterprise,Hiszpania,Eksport danych,Błąd autoryzacji,Low,3.9.6,Desktop,Windows,13.0,True,False
ERR-00328,2024-08-25 14:36:39,CUST-0145,SMB,Polska,Raporty,Błąd interfejsu,Low,3.4.7,Mobile,iOS,13.0,True,False
ERR-00329,2024-12-08 11:24:21,CUST-0118,SMB,Francja,Logowanie,Błąd autoryzacji,Medium,3.5.0,Desktop,macOS,78.0,True,False
ERR-00330,2024-01-15 09:31:54,CUST-0045,Mid-market,Polska,Integracje,Nieprawidłowe dane,Medium,3.0.7,Desktop,Windows,23.0,True,False
ERR-00331,2024-06-15 10:11:31,CUST-0077,Mid-market,Polska,Integracje,Timeout,High,3.0.5,Desktop,macOS,107.0,True,False
ERR-00332,2024-04-18 16:22:51,CUST-0121,SMB,Polska,Integracje,Błąd autoryzacji,Medium,3.8.2,Mobile,iOS,20.0,True,False
ERR-00333,2024-05-12 00:21:17,CUST-0019,Enterprise,Francja,Logowanie,Błąd API,Low,3.6.0,Tablet,iOS,11.0,True,False
ERR-00334,2024-11-01 06:44:56,CUST-0227,Startup,Francja,Logowanie,Błąd bazy danych,High,3.5.6,Desktop,Windows,208.0,True,False
ERR-00335,2024-05-21 02:35:00,CUST-0249,Startup,Polska,Eksport danych,Timeout,Critical,3.3.6,Desktop,macOS,286.0,True,False
ERR-00336,2024-09-21 02:12:05,CUST-0122,SMB,Niemcy,Integracje,Błąd autoryzacji,Critical,3.8.3,Desktop,Windows,1009.0,True,False
ERR-00337,2024-05-03 17:46:26,CUST-0008,Enterprise,Niemcy,Użytkownicy,Błąd API,Medium,3.2.5,Desktop,Linux,72.0,True,False
ERR-00338,2024-09-07 15:35:48,CUST-0119,SMB,Niemcy,Eksport danych,Błąd interfejsu,Medium,3.2.8,Desktop,Windows,,False,False
ERR-00339,2024-05-03 12:44:30,CUST-0029,Enterprise,Polska,Raporty,Timeout,Critical,3.4.9,Mobile,Android,98.0,True,False
ERR-00340,2024-11-26 05:45:31,CUST-0005,Enterprise,Niemcy,Integracje,Timeout,Low,3.4.0,Desktop,macOS,6.0,True,False
ERR-00341,2024-08-17 12:50:01,CUST-0022,Enterprise,Hiszpania,Eksport danych,Błąd API,High,3.3.7,Tablet,iOS,135.0,True,False
ERR-00342,2024-02-17 12:18:14,CUST-0064,Mid-market,Polska,Raporty,Błąd autoryzacji,Critical,3.7.6,Desktop,Windows,537.0,True,True
ERR-00343,2024-07-26 08:44:15,CUST-0179,Startup,Polska,Integracje,Nieprawidłowe dane,Low,3.7.7,Mobile,Android,71.0,True,False
ERR-00344,2024-06-05 11:42:37,CUST-0133,SMB,Niemcy,Logowanie,Nieprawidłowe dane,Low,3.8.7,Desktop,Windows,14.0,True,False
ERR-00345,2024-07-07 11:30:35,CUST-0119,SMB,Wielka Brytania,Raporty,Błąd API,Critical,3.4.7,Desktop,Linux,1572.0,True,False
ERR-00346,2024-09-28 14:22:27,CUST-0048,Mid-market,Francja,Integracje,Timeout,High,3.1.0,Desktop,macOS,,False,False
ERR-00347,2024-10-08 14:21:22,CUST-0002,Enterprise,Francja,Płatności,Nieprawidłowe dane,Low,3.4.0,Desktop,macOS,9.0,True,False
ERR-00348,2024-12-25 02:29:17,CUST-0018,Enterprise,Niemcy,Płatności,Błąd API,Low,3.9.8,Desktop,Windows,24.0,True,False
ERR-00349,2024-06-05 11:16:14,CUST-0226,Startup,Niemcy,Płatności,Nieprawidłowe dane,Medium,3.6.9,Mobile,Android,188.0,True,False
ERR-00350,2024-03-02 14:46:12,CUST-0029,Enterprise,Polska,Płatności,Błąd bazy danych,Critical,3.8.2,Tablet,iOS,77.0,True,True
ERR-00351,2024-06-10 12:07:47,CUST-0245,Startup,Francja,Płatności,Nieprawidłowe dane,High,3.0.1,Desktop,macOS,381.0,True,False
ERR-00352,2024-10-01 17:48:44,CUST-0042,Mid-market,Wielka Brytania,Raporty,Błąd API,Critical,3.5.7,Desktop,Windows,143.0,True,True
ERR-00353,2024-04-04 14:12:13,CUST-0071,Mid-market,Francja,Użytkownicy,Błąd API,Low,3.0.5,Desktop,macOS,98.0,True,False
ERR-00354,2024-09-04 08:17:46,CUST-0135,SMB,Wielka Brytania,Raporty,Błąd interfejsu,Medium,3.6.5,Desktop,Windows,40.0,True,False
ERR-00355,2024-10-28 03:48:33,CUST-0066,Mid-market,Francja,Logowanie,Błąd API,Medium,3.9.4,Desktop,Windows,163.0,True,False
ERR-00356,2024-11-01 14:18:06,CUST-0214,Startup,Polska,Logowanie,Błąd bazy danych,High,3.9.7,Mobile,Android,59.0,True,False
ERR-00357,2024-04-09 01:18:14,CUST-0157,Startup,Wielka Brytania,Integracje,Timeout,Medium,3.6.1,Tablet,Android,108.0,True,False
ERR-00358,2024-07-03 13:11:19,CUST-0053,Mid-market,Polska,Raporty,Błąd bazy danych,Critical,3.4.9,Tablet,iOS,218.0,True,False
ERR-00359,2024-01-08 20:45:34,CUST-0021,Enterprise,Niemcy,Eksport danych,Błąd API,High,3.9.5,Desktop,Windows,61.0,True,False
ERR-00360,2024-03-05 13:17:02,CUST-0073,Mid-market,Polska,Integracje,Timeout,High,3.8.0,Mobile,Android,60.0,True,False
ERR-00361,2024-01-28 11:35:18,CUST-0199,Startup,Polska,Eksport danych,Błąd autoryzacji,Medium,3.0.9,Mobile,iOS,107.0,True,False
ERR-00362,2024-12-23 14:08:40,CUST-0026,Enterprise,Niemcy,Płatności,Błąd bazy danych,High,3.4.9,Desktop,Windows,35.0,True,False
ERR-00363,2024-09-08 12:06:55,CUST-0064,Mid-market,Polska,Integracje,Błąd bazy danych,High,3.3.6,Desktop,Windows,113.0,True,False
ERR-00364,2024-01-07 13:36:18,CUST-0051,Mid-market,Niemcy,Płatności,Błąd API,Medium,3.5.0,Mobile,Android,30.0,True,False
ERR-00365,2024-08-28 20:30:28,CUST-0134,SMB,Niemcy,Użytkownicy,Timeout,High,3.4.9,Desktop,Windows,419.0,True,False
ERR-00366,2024-06-23 11:11:03,CUST-0014,Enterprise,Polska,Integracje,Błąd bazy danych,Critical,3.6.7,Desktop,macOS,48.0,True,True
ERR-00367,2024-05-09 21:55:30,CUST-0100,SMB,Polska,Płatności,Błąd autoryzacji,Medium,3.4.4,Desktop,Windows,33.0,True,False
ERR-00368,2024-02-28 18:52:04,CUST-0189,Startup,Niemcy,Płatności,Błąd API,Medium,3.2.4,Desktop,macOS,42.0,True,False
ERR-00369,2024-07-24 08:31:04,CUST-0013,Enterprise,Polska,Logowanie,Błąd autoryzacji,High,3.5.5,Desktop,Windows,55.0,True,False
ERR-00370,2024-10-22 03:40:43,CUST-0006,Enterprise,Francja,Integracje,Timeout,Medium,3.8.8,Tablet,Android,18.0,True,False
ERR-00371,2024-01-28 05:09:09,CUST-0247,Startup,Francja,Płatności,Timeout,High,3.7.9,Mobile,Android,145.0,True,False
ERR-00372,2024-10-15 00:19:05,CUST-0018,Enterprise,Hiszpania,Raporty,Timeout,High,3.4.3,Desktop,Windows,146.0,True,False
ERR-00373,2024-05-07 05:07:35,CUST-0211,Startup,Francja,Płatności,Błąd autoryzacji,Medium,3.9.5,Desktop,Windows,109.0,True,False
ERR-00374,2024-08-01 15:38:38,CUST-0046,Mid-market,Niemcy,Integracje,Timeout,Critical,3.9.3,Desktop,macOS,239.0,True,False
ERR-00375,2024-11-12 03:14:49,CUST-0028,Enterprise,Francja,Eksport danych,Błąd API,Medium,3.3.1,Desktop,Windows,13.0,True,False
ERR-00376,2024-09-24 10:24:28,CUST-0179,Startup,Polska,Eksport danych,Błąd API,High,3.0.5,Desktop,Windows,215.0,True,False
ERR-00377,2024-08-14 17:19:55,CUST-0050,Mid-market,Polska,Eksport danych,Timeout,High,3.8.3,Desktop,Windows,53.0,True,False
ERR-00378,2024-10-28 01:27:19,CUST-0076,Mid-market,Hiszpania,Logowanie,Nieprawidłowe dane,Medium,3.8.8,Desktop,Windows,90.0,True,False
ERR-00379,2024-10-18 16:39:03,CUST-0005,Enterprise,Niemcy,Logowanie,Błąd autoryzacji,High,3.9.7,Desktop,Windows,40.0,True,False
ERR-00380,2024-11-08 09:47:06,CUST-0060,Mid-market,Hiszpania,Integracje,Błąd API,Low,3.9.1,Desktop,Windows,21.0,True,False
ERR-00381,2024-04-16 06:40:13,CUST-0030,Enterprise,Hiszpania,Raporty,Błąd autoryzacji,Low,3.7.0,Desktop,Windows,11.0,True,False
ERR-00382,2024-05-15 15:42:05,CUST-0002,Enterprise,Wielka Brytania,Raporty,Błąd autoryzacji,Medium,3.5.9,Desktop,Windows,69.0,True,False
ERR-00383,2024-03-21 14:15:11,CUST-0222,Startup,Wielka Brytania,Logowanie,Błąd API,Low,3.0.4,Tablet,iOS,16.0,True,False
ERR-00384,2024-10-09 17:04:10,CUST-0014,Enterprise,Niemcy,Płatności,Błąd API,Low,3.3.6,Desktop,macOS,18.0,True,True
ERR-00385,2024-01-02 15:26:28,CUST-0134,SMB,Polska,Logowanie,Nieprawidłowe dane,Medium,3.4.9,Mobile,Android,29.0,True,False
ERR-00386,2024-12-18 16:38:30,CUST-0018,Enterprise,Niemcy,Eksport danych,Błąd API,Medium,3.7.4,Desktop,Windows,47.0,True,False
ERR-00387,2024-05-29 09:02:14,CUST-0148,SMB,Niemcy,Płatności,Błąd interfejsu,Medium,3.6.3,Desktop,Linux,,False,False
ERR-00388,2024-05-27 08:45:18,CUST-0005,Enterprise,Francja,Raporty,Błąd autoryzacji,Critical,3.8.3,Tablet,Android,328.0,True,False
ERR-00389,2024-12-25 16:55:29,CUST-0200,Startup,Francja,Logowanie,Błąd autoryzacji,Medium,3.4.0,Desktop,Windows,62.0,True,False
ERR-00390,2024-02-06 16:43:14,CUST-0046,Mid-market,Francja,Integracje,Błąd autoryzacji,High,3.6.4,Desktop,Windows,100.0,True,False
ERR-00391,2024-05-15 23:50:50,CUST-0009,Enterprise,Niemcy,Płatności,Timeout,Medium,3.1.3,Desktop,Windows,,False,True
ERR-00392,2024-11-16 11:37:42,CUST-0007,Enterprise,Polska,Eksport danych,Błąd API,Medium,3.4.7,Desktop,Windows,,False,False
ERR-00393,2024-04-11 11:27:07,CUST-0011,Enterprise,Niemcy,Eksport danych,Błąd bazy danych,Critical,3.8.4,Mobile,iOS,360.0,True,True
ERR-00394,2024-10-05 16:14:41,CUST-0072,Mid-market,Polska,Płatności,Błąd autoryzacji,Medium,3.8.1,Desktop,macOS,51.0,True,False
ERR-00395,2024-03-17 10:58:17,CUST-0003,Enterprise,Wielka Brytania,Użytkownicy,Błąd interfejsu,High,3.9.9,Desktop,macOS,63.0,True,False
ERR-00396,2024-03-13 20:04:03,CUST-0138,SMB,Polska,Użytkownicy,Nieprawidłowe dane,Medium,3.4.0,Desktop,macOS,72.0,True,False
ERR-00397,2024-03-25 17:50:19,CUST-0054,Mid-market,Polska,Eksport danych,Timeout,Medium,3.5.4,Desktop,Windows,72.0,True,False
ERR-00398,2024-10-31 11:47:52,CUST-0003,Enterprise,Polska,Eksport danych,Błąd autoryzacji,Medium,3.4.3,Mobile,Android,13.0,True,False
ERR-00399,2024-10-18 16:58:18,CUST-0065,Mid-market,Francja,Płatności,Błąd autoryzacji,Medium,3.4.8,Mobile,iOS,99.0,True,False
ERR-00400,2024-08-12 16:07:29,CUST-0105,SMB,Francja,Raporty,Błąd autoryzacji,High,3.8.9,Desktop,Linux,114.0,True,False
ERR-00401,2024-12-18 05:19:44,CUST-0002,Enterprise,Polska,Logowanie,Błąd autoryzacji,Low,3.8.0,Desktop,Windows,6.0,True,False
ERR-00402,2024-07-25 18:17:32,CUST-0009,Enterprise,Polska,Logowanie,Błąd API,Critical,3.9.1,Mobile,iOS,230.0,True,False
ERR-00403,2024-10-03 12:31:28,CUST-0013,Enterprise,Niemcy,Użytkownicy,Timeout,Critical,3.3.0,Desktop,Windows,102.0,True,False
ERR-00404,2024-02-11 17:38:02,CUST-0086,SMB,Polska,Płatności,Timeout,High,3.9.0,Desktop,Windows,58.0,True,True
ERR-00405,2024-08-09 10:47:20,CUST-0090,SMB,Francja,Integracje,Błąd interfejsu,Medium,3.0.8,Desktop,Windows,80.0,True,True
ERR-00406,2024-11-05 18:16:01,CUST-0043,Mid-market,Francja,Eksport danych,Błąd bazy danych,Critical,3.9.1,Desktop,Windows,479.0,True,False
ERR-00407,2024-02-16 11:14:43,CUST-0108,SMB,Niemcy,Eksport danych,Błąd interfejsu,Critical,3.4.3,Mobile,Android,615.0,True,True
ERR-00408,2024-10-21 00:37:01,CUST-0142,SMB,Polska,Użytkownicy,Błąd autoryzacji,Medium,3.4.2,Tablet,Android,210.0,True,False
ERR-00409,2024-12-10 18:52:17,CUST-0044,Mid-market,Wielka Brytania,Płatności,Timeout,High,3.5.6,Desktop,Windows,230.0,True,True
ERR-00410,2024-10-22 04:02:48,CUST-0193,Startup,Niemcy,Logowanie,Błąd API,Medium,3.9.5,Desktop,Windows,23.0,True,False
ERR-00411,2024-03-30 10:30:33,CUST-0010,Enterprise,Francja,Raporty,Błąd autoryzacji,Medium,3.0.7,Desktop,Windows,24.0,True,False
ERR-00412,2024-11-29 21:28:58,CUST-0030,Enterprise,Polska,Logowanie,Błąd autoryzacji,Low,3.4.4,Desktop,Linux,31.0,True,False
ERR-00413,2024-05-22 21:11:37,CUST-0001,Enterprise,Niemcy,Logowanie,Błąd bazy danych,Critical,3.8.9,Desktop,Windows,100.0,True,True
ERR-00414,2024-08-11 13:40:52,CUST-0007,Enterprise,Polska,Raporty,Błąd bazy danych,Medium,3.4.6,Mobile,Android,38.0,True,True
ERR-00415,2024-09-08 14:05:30,CUST-0043,Mid-market,Niemcy,Eksport danych,Błąd API,Low,3.2.9,Desktop,Windows,30.0,True,False
ERR-00416,2024-06-27 12:26:21,CUST-0245,Startup,Wielka Brytania,Raporty,Błąd API,Medium,3.4.7,Desktop,Windows,54.0,True,False
ERR-00417,2024-06-13 09:42:06,CUST-0004,Enterprise,Niemcy,Płatności,Błąd API,Medium,3.4.5,Desktop,macOS,80.0,True,True
ERR-00418,2024-03-23 10:21:26,CUST-0024,Enterprise,Polska,Integracje,Błąd autoryzacji,Medium,3.9.3,Desktop,Windows,31.0,True,False
ERR-00419,2024-12-21 15:31:18,CUST-0079,Mid-market,Polska,Płatności,Timeout,High,3.8.4,Desktop,macOS,96.0,True,True
ERR-00420,2024-12-05 16:25:52,CUST-0212,Startup,Niemcy,Logowanie,Błąd autoryzacji,Medium,3.5.5,Mobile,Android,437.0,True,False
ERR-00421,2024-10-08 16:02:29,CUST-0030,Enterprise,Polska,Eksport danych,Błąd autoryzacji,Low,3.9.9,Desktop,Windows,,False,False
ERR-00422,2024-02-15 16:20:16,CUST-0046,Mid-market,Polska,Integracje,Błąd interfejsu,Medium,3.4.9,Mobile,Android,49.0,True,False
ERR-00423,2024-06-14 04:07:49,CUST-0023,Enterprise,Hiszpania,Eksport danych,Błąd API,Critical,3.0.8,Desktop,Windows,69.0,True,False
ERR-00424,2024-07-25 12:55:32,CUST-0020,Enterprise,Niemcy,Logowanie,Błąd bazy danych,High,3.3.9,Desktop,Windows,66.0,True,False
ERR-00425,2024-01-01 03:42:55,CUST-0241,Startup,Polska,Eksport danych,Timeout,High,3.4.8,Desktop,Windows,,False,False
ERR-00426,2024-10-04 13:29:26,CUST-0177,Startup,Wielka Brytania,Integracje,Timeout,High,3.2.3,Desktop,Windows,284.0,True,False
ERR-00427,2024-01-28 11:12:33,CUST-0013,Enterprise,Polska,Raporty,Timeout,Critical,3.9.6,Desktop,Windows,225.0,True,False
ERR-00428,2024-07-04 17:39:48,CUST-0181,Startup,Wielka Brytania,Integracje,Błąd autoryzacji,Low,3.8.5,Desktop,Linux,65.0,True,False
ERR-00429,2024-09-12 10:40:28,CUST-0066,Mid-market,Polska,Eksport danych,Błąd autoryzacji,Medium,3.4.0,Mobile,Android,75.0,True,False
ERR-00430,2024-01-27 06:13:17,CUST-0192,Startup,Wielka Brytania,Raporty,Nieprawidłowe dane,High,3.6.8,Mobile,Android,92.0,True,False
ERR-00431,2024-10-08 07:08:59,CUST-0080,Mid-market,Francja,Raporty,Błąd bazy danych,High,3.8.2,Desktop,Windows,226.0,True,False
ERR-00432,2024-05-27 16:28:56,CUST-0049,Mid-market,Hiszpania,Użytkownicy,Błąd API,Low,3.9.5,Desktop,Windows,62.0,True,False
ERR-00433,2024-12-23 14:31:07,CUST-0055,Mid-market,Wielka Brytania,Eksport danych,Błąd API,Medium,3.9.1,Desktop,Windows,26.0,True,False
ERR-00434,2024-01-15 05:40:38,CUST-0140,SMB,Polska,Raporty,Błąd interfejsu,Low,3.5.7,Desktop,macOS,14.0,True,False
ERR-00435,2024-05-02 04:45:10,CUST-0018,Enterprise,Wielka Brytania,Integracje,Błąd autoryzacji,Medium,3.8.5,Desktop,Linux,121.0,True,False
ERR-00436,2024-06-08 15:35:00,CUST-0021,Enterprise,Niemcy,Raporty,Timeout,Critical,3.6.4,Mobile,Android,288.0,True,False
ERR-00437,2024-10-09 03:26:05,CUST-0012,Enterprise,Niemcy,Płatności,Timeout,High,3.6.2,Desktop,Windows,157.0,True,True
ERR-00438,2024-04-25 17:53:58,CUST-0120,SMB,Polska,Raporty,Nieprawidłowe dane,High,3.1.7,Desktop,Windows,306.0,True,False
ERR-00439,2024-02-28 15:29:07,CUST-0009,Enterprise,Niemcy,Użytkownicy,Błąd interfejsu,Low,3.1.8,Desktop,Windows,17.0,True,True
ERR-00440,2024-11-27 04:53:09,CUST-0127,SMB,Polska,Użytkownicy,Timeout,Critical,3.5.9,Desktop,Windows,340.0,True,False
ERR-00441,2024-09-12 04:59:45,CUST-0216,Startup,Niemcy,Płatności,Nieprawidłowe dane,Medium,3.4.0,Desktop,Windows,77.0,True,True
ERR-00442,2024-05-29 23:32:45,CUST-0029,Enterprise,Niemcy,Raporty,Nieprawidłowe dane,Low,3.0.3,Desktop,Windows,6.0,True,False
ERR-00443,2024-05-19 11:26:53,CUST-0144,SMB,Hiszpania,Płatności,Timeout,Medium,3.8.2,Desktop,macOS,102.0,True,False
ERR-00444,2024-09-04 11:30:15,CUST-0060,Mid-market,Hiszpania,Użytkownicy,Timeout,Critical,3.0.4,Desktop,Windows,207.0,True,True
ERR-00445,2024-08-21 16:35:09,CUST-0163,Startup,Niemcy,Użytkownicy,Błąd API,Low,3.6.9,Desktop,Windows,47.0,True,False
ERR-00446,2024-07-15 21:12:58,CUST-0026,Enterprise,Polska,Integracje,Błąd interfejsu,Low,3.6.0,Mobile,iOS,15.0,True,False
ERR-00447,2024-11-02 23:32:47,CUST-0141,SMB,Polska,Eksport danych,Timeout,High,3.9.7,Desktop,Windows,,False,True
ERR-00448,2024-03-10 16:55:04,CUST-0121,SMB,Polska,Integracje,Nieprawidłowe dane,Medium,3.5.2,Desktop,macOS,61.0,True,False
ERR-00449,2024-05-21 11:49:50,CUST-0177,Startup,Polska,Raporty,Timeout,High,3.0.9,Mobile,Android,78.0,True,False
ERR-00450,2024-07-31 04:21:59,CUST-0128,SMB,Polska,Logowanie,Błąd bazy danych,Medium,3.6.2,Desktop,macOS,40.0,True,False
ERR-00451,2024-09-16 16:17:52,CUST-0051,Mid-market,Polska,Raporty,Błąd API,Low,3.8.8,Desktop,macOS,12.0,True,False
ERR-00452,2024-01-02 13:18:46,CUST-0057,Mid-market,Wielka Brytania,Integracje,Błąd API,Low,3.9.9,Desktop,Windows,13.0,True,False
ERR-00453,2024-06-01 11:53:37,CUST-0156,Startup,Niemcy,Integracje,Nieprawidłowe dane,Low,3.4.8,Desktop,macOS,136.0,True,False
ERR-00454,2024-10-23 18:42:31,CUST-0067,Mid-market,Polska,Raporty,Nieprawidłowe dane,Medium,3.4.2,Desktop,Windows,24.0,True,False
ERR-00455,2024-03-17 06:28:34,CUST-0028,Enterprise,Niemcy,Użytkownicy,Nieprawidłowe dane,High,3.9.2,Mobile,iOS,41.0,True,False
ERR-00456,2024-09-04 12:22:21,CUST-0179,Startup,Polska,Logowanie,Błąd autoryzacji,Low,3.2.8,Tablet,Android,42.0,True,False
ERR-00457,2024-10-09 00:48:34,CUST-0099,SMB,Niemcy,Raporty,Błąd bazy danych,High,3.7.2,Desktop,Windows,158.0,True,False
ERR-00458,2024-07-12 12:29:59,CUST-0083,SMB,Francja,Integracje,Błąd autoryzacji,Medium,3.4.6,Desktop,Windows,30.0,True,False
ERR-00459,2024-06-13 03:55:12,CUST-0009,Enterprise,Niemcy,Integracje,Błąd API,Critical,3.0.6,Desktop,Linux,234.0,True,False
ERR-00460,2024-12-23 06:15:36,CUST-0134,SMB,Niemcy,Integracje,Błąd API,Critical,3.4.4,Desktop,Windows,459.0,True,False
ERR-00461,2024-07-15 06:14:54,CUST-0010,Enterprise,Wielka Brytania,Płatności,Błąd API,High,3.3.9,Desktop,Linux,39.0,True,True
ERR-00462,2024-07-29 14:02:20,CUST-0100,SMB,Wielka Brytania,Logowanie,Błąd API,Low,3.8.0,Desktop,macOS,20.0,True,False
ERR-00463,2024-08-30 16:45:58,CUST-0007,Enterprise,Francja,Integracje,Błąd interfejsu,Low,3.9.6,Tablet,Android,47.0,True,False
ERR-00464,2024-07-14 13:24:42,CUST-0123,SMB,Niemcy,Raporty,Błąd autoryzacji,Medium,3.4.0,Desktop,macOS,125.0,True,False
ERR-00465,2024-11-29 21:09:31,CUST-0180,Startup,Francja,Logowanie,Błąd bazy danych,High,3.8.7,Desktop,Linux,217.0,True,False
ERR-00466,2024-01-19 11:08:32,CUST-0013,Enterprise,Polska,Integracje,Timeout,High,3.0.8,Desktop,Windows,,False,True
ERR-00467,2024-10-29 09:21:55,CUST-0223,Startup,Niemcy,Raporty,Błąd autoryzacji,High,3.6.0,Mobile,Android,,False,False
ERR-00468,2024-02-21 17:55:54,CUST-0046,Mid-market,Polska,Integracje,Błąd autoryzacji,High,3.1.0,Mobile,Android,,False,False
ERR-00469,2024-08-13 09:06:33,CUST-0214,Startup,Niemcy,Eksport danych,Błąd interfejsu,High,3.9.5,Desktop,Windows,64.0,True,False
ERR-00470,2024-08-21 22:00:46,CUST-0124,SMB,Niemcy,Logowanie,Nieprawidłowe dane,Medium,3.8.4,Desktop,Windows,53.0,True,False
ERR-00471,2024-03-14 00:26:55,CUST-0047,Mid-market,Polska,Logowanie,Błąd interfejsu,Medium,3.7.8,Mobile,Android,55.0,True,False
ERR-00472,2024-12-01 22:09:04,CUST-0143,SMB,Wielka Brytania,Eksport danych,Błąd interfejsu,Medium,3.8.7,Desktop,Windows,32.0,True,False
ERR-00473,2024-08-28 02:50:16,CUST-0243,Startup,Wielka Brytania,Integracje,Timeout,Medium,3.7.7,Mobile,Android,,False,False
ERR-00474,2024-06-22 18:39:44,CUST-0072,Mid-market,Francja,Integracje,Timeout,Critical,3.9.7,Desktop,Windows,186.0,True,False
ERR-00475,2024-07-22 13:41:05,CUST-0024,Enterprise,Niemcy,Eksport danych,Błąd bazy danych,Low,3.8.2,Desktop,macOS,,False,False
ERR-00476,2024-06-17 23:54:43,CUST-0143,SMB,Wielka Brytania,Eksport danych,Błąd API,Medium,3.9.4,Desktop,macOS,75.0,True,False
ERR-00477,2024-09-30 03:24:20,CUST-0139,SMB,Polska,Użytkownicy,Błąd API,Medium,3.5.7,Mobile,Android,,False,False
ERR-00478,2024-11-16 13:45:56,CUST-0102,SMB,Hiszpania,Raporty,Timeout,Critical,3.1.7,Desktop,macOS,,False,False
ERR-00479,2024-09-06 22:55:34,CUST-0126,SMB,Polska,Raporty,Błąd API,High,3.5.9,Mobile,iOS,93.0,True,False
ERR-00480,2024-01-19 13:39:04,CUST-0041,Mid-market,Hiszpania,Raporty,Błąd API,Medium,3.1.9,Desktop,Linux,89.0,True,False
ERR-00481,2024-04-30 14:40:43,CUST-0098,SMB,Polska,Logowanie,Błąd autoryzacji,High,3.6.8,Desktop,Windows,265.0,True,False
ERR-00482,2024-05-27 15:14:47,CUST-0024,Enterprise,Wielka Brytania,Raporty,Błąd API,Low,3.5.2,Desktop,Windows,11.0,True,False
ERR-00483,2024-02-16 12:27:06,CUST-0065,Mid-market,Wielka Brytania,Płatności,Błąd API,Medium,3.7.3,Desktop,macOS,104.0,True,False
ERR-00484,2024-11-20 14:45:55,CUST-0016,Enterprise,Polska,Użytkownicy,Błąd API,High,3.0.1,Desktop,Linux,29.0,True,False
ERR-00485,2024-02-21 13:28:10,CUST-0006,Enterprise,Niemcy,Raporty,Timeout,Critical,3.2.9,Desktop,macOS,,False,False
ERR-00486,2024-12-21 18:19:57,CUST-0030,Enterprise,Wielka Brytania,Raporty,Błąd bazy danych,Critical,3.5.3,Mobile,iOS,263.0,True,False
ERR-00487,2024-01-15 02:02:20,CUST-0029,Enterprise,Niemcy,Raporty,Błąd autoryzacji,Low,3.9.6,Desktop,Windows,7.0,True,False
ERR-00488,2024-01-29 09:18:22,CUST-0150,SMB,Wielka Brytania,Logowanie,Timeout,Critical,3.4.5,Tablet,iOS,111.0,True,False
ERR-00489,2024-07-10 21:27:09,CUST-0021,Enterprise,Niemcy,Logowanie,Nieprawidłowe dane,Medium,3.4.7,Desktop,Windows,41.0,True,False
ERR-00490,2024-05-05 18:33:26,CUST-0034,Mid-market,Niemcy,Raporty,Błąd API,Critical,3.8.2,Mobile,Android,195.0,True,False
ERR-00491,2024-10-16 12:43:50,CUST-0017,Enterprise,Polska,Logowanie,Timeout,Medium,3.7.0,Desktop,macOS,82.0,True,False
ERR-00492,2024-04-02 14:10:11,CUST-0002,Enterprise,Polska,Integracje,Błąd bazy danych,Critical,3.4.1,Desktop,Windows,99.0,True,False
ERR-00493,2024-02-10 09:39:55,CUST-0027,Enterprise,Hiszpania,Eksport danych,Błąd API,Medium,3.4.7,Desktop,Windows,20.0,True,False
ERR-00494,2024-07-14 08:39:43,CUST-0028,Enterprise,Niemcy,Eksport danych,Nieprawidłowe dane,Low,3.3.2,Desktop,Linux,15.0,True,False
ERR-00495,2024-05-03 12:31:58,CUST-0035,Mid-market,Niemcy,Integracje,Błąd bazy danych,High,3.9.7,Mobile,Android,94.0,True,False
ERR-00496,2024-10-25 10:09:14,CUST-0087,SMB,Niemcy,Płatności,Błąd bazy danych,High,3.1.9,Desktop,Linux,96.0,True,True
ERR-00497,2024-08-24 13:40:16,CUST-0079,Mid-market,Niemcy,Eksport danych,Błąd API,Medium,3.4.5,Desktop,Linux,73.0,True,False
ERR-00498,2024-08-23 04:16:42,CUST-0031,Mid-market,Wielka Brytania,Eksport danych,Błąd autoryzacji,High,3.0.3,Mobile,iOS,173.0,True,False
ERR-00499,2024-01-05 22:57:51,CUST-0014,Enterprise,Wielka Brytania,Logowanie,Timeout,High,3.3.3,Desktop,Windows,,False,False
ERR-00500,2024-08-26 23:57:18,CUST-0168,Startup,Niemcy,Integracje,Błąd API,Medium,3.8.5,Mobile,Android,155.0,True,True
ERR-00501,2024-12-12 15:34:10,CUST-0071,Mid-market,Hiszpania,Płatności,Błąd API,Medium,3.3.0,Desktop,Windows,189.0,True,False
ERR-00502,2024-02-07 13:28:22,CUST-0045,Mid-market,Hiszpania,Eksport danych,Błąd API,Low,3.1.2,Mobile,Android,15.0,True,False
ERR-00503,2024-10-27 10:19:40,CUST-0003,Enterprise,Niemcy,Użytkownicy,Timeout,High,3.5.1,Desktop,Windows,98.0,True,False
ERR-00504,2024-08-05 16:44:16,CUST-0023,Enterprise,Wielka Brytania,Logowanie,Błąd autoryzacji,Medium,3.0.1,Desktop,Linux,,False,False
ERR-00505,2024-08-21 15:54:19,CUST-0005,Enterprise,Polska,Eksport danych,Błąd API,Medium,3.1.2,Desktop,Windows,25.0,True,False
ERR-00506,2024-04-11 08:24:54,CUST-0001,Enterprise,Polska,Integracje,Timeout,Medium,3.8.7,Tablet,iOS,44.0,True,False
ERR-00507,2024-09-04 19:06:15,CUST-0044,Mid-market,Wielka Brytania,Użytkownicy,Błąd bazy danych,High,3.8.5,Desktop,Windows,98.0,True,False
ERR-00508,2024-07-14 17:36:22,CUST-0063,Mid-market,Niemcy,Raporty,Błąd autoryzacji,Medium,3.9.3,Desktop,Windows,260.0,True,False
ERR-00509,2024-10-21 21:18:44,CUST-0060,Mid-market,Hiszpania,Eksport danych,Błąd API,Low,3.8.9,Desktop,macOS,39.0,True,False
ERR-00510,2024-05-31 15:01:53,CUST-0128,SMB,Wielka Brytania,Logowanie,Błąd interfejsu,Medium,3.8.0,Tablet,Android,203.0,True,False
ERR-00511,2024-12-03 14:25:17,CUST-0088,SMB,Polska,Płatności,Błąd autoryzacji,Low,3.0.7,Mobile,Android,64.0,True,False
ERR-00512,2024-01-05 11:36:55,CUST-0142,SMB,Wielka Brytania,Logowanie,Błąd API,Critical,3.8.5,Tablet,iOS,650.0,True,False
ERR-00513,2024-12-17 20:49:47,CUST-0235,Startup,Niemcy,Użytkownicy,Błąd autoryzacji,High,3.8.8,Desktop,macOS,284.0,True,False
ERR-00514,2024-01-26 17:58:38,CUST-0016,Enterprise,Niemcy,Eksport danych,Błąd bazy danych,Critical,3.8.6,Desktop,macOS,119.0,True,False
ERR-00515,2024-09-11 02:53:57,CUST-0001,Enterprise,Francja,Eksport danych,Błąd API,Low,3.5.6,Desktop,Windows,9.0,True,False
ERR-00516,2024-05-26 01:49:51,CUST-0001,Enterprise,Wielka Brytania,Użytkownicy,Błąd API,High,3.3.4,Mobile,Android,50.0,True,False
ERR-00517,2024-04-27 11:38:51,CUST-0065,Mid-market,Polska,Logowanie,Błąd API,High,3.8.8,Desktop,Linux,38.0,True,False
ERR-00518,2024-06-29 16:14:40,CUST-0221,Startup,Niemcy,Raporty,Nieprawidłowe dane,High,3.8.3,Desktop,macOS,154.0,True,False
ERR-00519,2024-04-07 23:39:16,CUST-0014,Enterprise,Francja,Logowanie,Timeout,Medium,3.9.8,Mobile,Android,31.0,True,False
ERR-00520,2024-12-13 08:48:46,CUST-0152,Startup,Francja,Płatności,Błąd autoryzacji,Medium,3.2.3,Desktop,macOS,74.0,True,True
ERR-00521,2024-12-03 14:43:53,CUST-0001,Enterprise,Francja,Płatności,Nieprawidłowe dane,High,3.3.3,Desktop,Windows,242.0,True,False
ERR-00522,2024-03-11 11:40:06,CUST-0218,Startup,Polska,Raporty,Błąd API,Medium,3.3.1,Desktop,Windows,190.0,True,False
ERR-00523,2024-11-17 22:41:02,CUST-0024,Enterprise,Polska,Płatności,Nieprawidłowe dane,Medium,3.8.6,Desktop,Windows,,False,True
ERR-00524,2024-06-07 17:50:28,CUST-0009,Enterprise,Niemcy,Logowanie,Błąd API,Medium,3.2.8,Mobile,Android,15.0,True,False
ERR-00525,2024-01-18 17:37:23,CUST-0065,Mid-market,Hiszpania,Logowanie,Nieprawidłowe dane,Medium,3.0.9,Desktop,Windows,38.0,True,False
ERR-00526,2024-03-08 12:05:58,CUST-0010,Enterprise,Polska,Logowanie,Błąd API,Low,3.9.9,Desktop,Windows,13.0,True,False
ERR-00527,2024-05-31 11:20:47,CUST-0001,Enterprise,Polska,Użytkownicy,Błąd bazy danych,High,3.0.3,Desktop,Windows,,False,False
ERR-00528,2024-07-31 09:11:12,CUST-0017,Enterprise,Wielka Brytania,Eksport danych,Błąd interfejsu,Low,3.8.8,Desktop,macOS,12.0,True,False
ERR-00529,2024-03-08 03:50:34,CUST-0136,SMB,Polska,Użytkownicy,Błąd API,Medium,3.4.4,Desktop,macOS,,False,False
ERR-00530,2024-07-06 17:33:32,CUST-0042,Mid-market,Wielka Brytania,Raporty,Timeout,High,3.8.8,Desktop,Windows,,False,False
ERR-00531,2024-05-19 16:53:10,CUST-0004,Enterprise,Francja,Płatności,Timeout,High,3.6.3,Desktop,macOS,119.0,True,False
ERR-00532,2024-05-11 23:58:52,CUST-0037,Mid-market,Hiszpania,Eksport danych,Timeout,Medium,3.9.2,Desktop,Windows,,False,False
ERR-00533,2024-09-03 23:51:18,CUST-0148,SMB,Polska,Płatności,Timeout,Critical,3.9.4,Desktop,Windows,268.0,True,False
ERR-00534,2024-06-22 13:51:07,CUST-0005,Enterprise,Polska,Płatności,Timeout,Critical,3.0.1,Desktop,macOS,147.0,True,False
ERR-00535,2024-08-27 16:04:09,CUST-0046,Mid-market,Francja,Płatności,Błąd API,Low,3.1.1,Mobile,Android,54.0,True,False
ERR-00536,2024-04-25 21:55:43,CUST-0007,Enterprise,Hiszpania,Logowanie,Błąd API,Low,3.3.7,Mobile,Android,30.0,True,False
ERR-00537,2024-12-11 17:25:54,CUST-0020,Enterprise,Francja,Płatności,Błąd API,Low,3.8.0,Mobile,Android,7.0,True,False
ERR-00538,2024-10-12 09:23:05,CUST-0148,SMB,Polska,Raporty,Błąd bazy danych,Critical,3.9.1,Desktop,macOS,390.0,True,True
ERR-00539,2024-07-21 12:00:16,CUST-0009,Enterprise,Hiszpania,Integracje,Błąd autoryzacji,Medium,3.4.9,Desktop,Windows,27.0,True,False
ERR-00540,2024-10-01 06:07:29,CUST-0053,Mid-market,Hiszpania,Logowanie,Błąd autoryzacji,Medium,3.7.1,Desktop,macOS,33.0,True,False
ERR-00541,2024-07-07 21:43:47,CUST-0115,SMB,Francja,Płatności,Błąd autoryzacji,Low,3.2.8,Desktop,Windows,12.0,True,False
ERR-00542,2024-12-10 14:16:37,CUST-0026,Enterprise,Hiszpania,Eksport danych,Błąd API,Medium,3.8.6,Desktop,macOS,30.0,True,False
ERR-00543,2024-07-14 09:52:40,CUST-0056,Mid-market,Hiszpania,Logowanie,Timeout,Critical,3.9.7,Desktop,macOS,156.0,True,False
ERR-00544,2024-07-09 15:06:43,CUST-0003,Enterprise,Francja,Płatności,Timeout,Critical,3.4.0,Tablet,iOS,80.0,True,False
ERR-00545,2024-04-29 14:30:01,CUST-0198,Startup,Polska,Eksport danych,Błąd API,Medium,3.5.4,Desktop,Windows,105.0,True,False
ERR-00546,2024-11-13 10:56:35,CUST-0056,Mid-market,Niemcy,Logowanie,Nieprawidłowe dane,Low,3.1.2,Desktop,Windows,43.0,True,False
ERR-00547,2024-06-16 06:58:39,CUST-0139,SMB,Polska,Logowanie,Błąd autoryzacji,Low,3.6.3,Mobile,iOS,18.0,True,False
ERR-00548,2024-04-23 15:41:04,CUST-0067,Mid-market,Niemcy,Raporty,Błąd bazy danych,Low,3.5.5,Desktop,Windows,9.0,True,False
ERR-00549,2024-11-21 13:52:29,CUST-0008,Enterprise,Niemcy,Płatności,Błąd bazy danych,High,3.2.1,Mobile,Android,136.0,True,False
ERR-00550,2024-12-24 16:19:41,CUST-0075,Mid-market,Polska,Raporty,Nieprawidłowe dane,Low,3.4.8,Mobile,Android,,False,False
ERR-00551,2024-07-28 13:07:08,CUST-0179,Startup,Polska,Eksport danych,Błąd interfejsu,Low,3.4.3,Tablet,iOS,12.0,True,False
ERR-00552,2024-01-24 17:02:19,CUST-0050,Mid-market,Polska,Logowanie,Błąd autoryzacji,Medium,3.5.8,Desktop,Windows,,False,False
ERR-00553,2024-09-09 13:07:06,CUST-0091,SMB,Hiszpania,Raporty,Błąd autoryzacji,Critical,3.6.7,Mobile,iOS,754.0,True,False
ERR-00554,2024-04-30 13:56:34,CUST-0234,Startup,Wielka Brytania,Raporty,Nieprawidłowe dane,Medium,3.0.1,Desktop,Windows,91.0,True,False
ERR-00555,2024-03-10 17:24:29,CUST-0028,Enterprise,Polska,Logowanie,Błąd API,High,3.8.4,Desktop,Windows,46.0,True,False
ERR-00556,2024-07-08 11:42:47,CUST-0021,Enterprise,Wielka Brytania,Integracje,Błąd API,High,3.8.2,Desktop,macOS,39.0,True,False
ERR-00557,2024-12-22 07:34:26,CUST-0079,Mid-market,Niemcy,Płatności,Błąd bazy danych,Medium,3.4.4,Desktop,Windows,16.0,True,False
ERR-00558,2024-10-27 01:47:46,CUST-0033,Mid-market,Polska,Raporty,Błąd bazy danych,Critical,3.0.7,Desktop,Windows,124.0,True,True
ERR-00559,2024-03-20 16:56:26,CUST-0092,SMB,Polska,Logowanie,Błąd interfejsu,Low,3.8.4,Desktop,macOS,14.0,True,False
ERR-00560,2024-12-01 14:06:53,CUST-0202,Startup,Niemcy,Raporty,Błąd interfejsu,Medium,3.9.6,Mobile,iOS,88.0,True,False
ERR-00561,2024-09-07 15:39:26,CUST-0013,Enterprise,Hiszpania,Płatności,Błąd bazy danych,High,3.3.6,Mobile,Android,33.0,True,False
ERR-00562,2024-05-23 08:02:44,CUST-0013,Enterprise,Francja,Eksport danych,Timeout,Critical,3.4.2,Mobile,iOS,135.0,True,True
ERR-00563,2024-07-08 07:13:28,CUST-0141,SMB,Polska,Logowanie,Nieprawidłowe dane,Low,3.2.7,Desktop,macOS,37.0,True,False
ERR-00564,2024-08-15 00:15:54,CUST-0002,Enterprise,Polska,Raporty,Błąd autoryzacji,Low,3.6.6,Mobile,iOS,10.0,True,False
ERR-00565,2024-07-04 10:06:43,CUST-0082,SMB,Niemcy,Raporty,Timeout,Critical,3.2.3,Desktop,Windows,99.0,True,True
ERR-00566,2024-07-07 13:34:57,CUST-0075,Mid-market,Polska,Integracje,Nieprawidłowe dane,Low,3.4.4,Mobile,Android,9.0,True,False
ERR-00567,2024-11-26 11:22:03,CUST-0102,SMB,Polska,Raporty,Timeout,Critical,3.8.1,Tablet,iOS,96.0,True,False
ERR-00568,2024-07-22 11:17:12,CUST-0003,Enterprise,Polska,Integracje,Timeout,Critical,3.6.4,Desktop,macOS,,False,False
ERR-00569,2024-03-03 18:54:52,CUST-0062,Mid-market,Hiszpania,Eksport danych,Błąd autoryzacji,High,3.4.5,Mobile,Android,165.0,True,False
ERR-00570,2024-08-20 10:05:42,CUST-0058,Mid-market,Wielka Brytania,Eksport danych,Nieprawidłowe dane,Critical,3.4.7,Desktop,Windows,145.0,True,False
ERR-00571,2024-04-18 12:41:40,CUST-0072,Mid-market,Niemcy,Płatności,Błąd API,Critical,3.6.4,Desktop,Windows,377.0,True,True
ERR-00572,2024-11-01 16:01:03,CUST-0026,Enterprise,Wielka Brytania,Raporty,Błąd bazy danych,Medium,3.0.0,Desktop,Windows,27.0,True,False
ERR-00573,2024-06-19 11:15:08,CUST-0123,SMB,Polska,Eksport danych,Timeout,Critical,3.1.1,Desktop,Windows,235.0,True,False
ERR-00574,2024-10-16 14:13:04,CUST-0223,Startup,Niemcy,Użytkownicy,Błąd bazy danych,High,3.9.1,Mobile,Android,151.0,True,False
ERR-00575,2024-10-10 17:13:37,CUST-0028,Enterprise,Polska,Eksport danych,Błąd bazy danych,High,3.1.1,Desktop,macOS,97.0,True,True
ERR-00576,2024-04-20 21:52:55,CUST-0004,Enterprise,Francja,Raporty,Timeout,Medium,3.8.2,Desktop,Windows,20.0,True,False
ERR-00577,2024-04-29 07:21:49,CUST-0029,Enterprise,Wielka Brytania,Logowanie,Błąd API,Medium,3.9.4,Desktop,macOS,14.0,True,False
ERR-00578,2024-03-16 20:50:57,CUST-0064,Mid-market,Francja,Raporty,Timeout,Critical,3.4.0,Mobile,Android,228.0,True,False
ERR-00579,2024-11-01 12:00:17,CUST-0033,Mid-market,Niemcy,Integracje,Błąd interfejsu,Critical,3.4.5,Tablet,Android,148.0,True,False
ERR-00580,2024-03-15 09:08:34,CUST-0045,Mid-market,Francja,Raporty,Błąd bazy danych,High,3.6.5,Mobile,Android,92.0,True,True
ERR-00581,2024-05-08 12:51:11,CUST-0007,Enterprise,Polska,Raporty,Błąd interfejsu,Low,3.9.1,Mobile,Android,21.0,True,False
ERR-00582,2024-02-26 22:42:55,CUST-0029,Enterprise,Wielka Brytania,Eksport danych,Timeout,High,3.9.5,Desktop,macOS,63.0,True,False
ERR-00583,2024-01-14 12:08:00,CUST-0075,Mid-market,Niemcy,Raporty,Nieprawidłowe dane,High,3.8.3,Desktop,macOS,129.0,True,False
ERR-00584,2024-07-02 10:50:50,CUST-0067,Mid-market,Niemcy,Eksport danych,Błąd bazy danych,Critical,3.1.2,Desktop,Windows,223.0,True,False
ERR-00585,2024-05-01 14:37:20,CUST-0211,Startup,Niemcy,Raporty,Błąd bazy danych,High,3.8.0,Desktop,Windows,,False,True
ERR-00586,2024-01-09 09:11:16,CUST-0009,Enterprise,Francja,Płatności,Błąd interfejsu,Low,3.4.7,Mobile,Android,25.0,True,False
ERR-00587,2024-01-27 04:08:47,CUST-0086,SMB,Polska,Raporty,Timeout,High,3.5.0,Desktop,macOS,192.0,True,False
ERR-00588,2024-08-03 06:33:07,CUST-0035,Mid-market,Francja,Eksport danych,Błąd autoryzacji,Medium,3.0.7,Mobile,iOS,53.0,True,False
ERR-00589,2024-02-02 06:30:28,CUST-0074,Mid-market,Polska,Logowanie,Błąd bazy danych,Critical,3.2.8,Desktop,Windows,290.0,True,False
ERR-00590,2024-07-04 08:32:37,CUST-0116,SMB,Francja,Logowanie,Błąd bazy danych,High,3.8.6,Desktop,macOS,293.0,True,False
ERR-00591,2024-02-25 07:28:32,CUST-0150,SMB,Hiszpania,Użytkownicy,Błąd API,Medium,3.4.9,Desktop,macOS,54.0,True,False
ERR-00592,2024-04-23 14:39:02,CUST-0223,Startup,Hiszpania,Logowanie,Timeout,High,3.4.1,Mobile,Android,125.0,True,False
ERR-00593,2024-12-03 08:33:19,CUST-0022,Enterprise,Niemcy,Raporty,Błąd API,Low,3.4.5,Mobile,Android,27.0,True,False
ERR-00594,2024-08-22 10:41:01,CUST-0002,Enterprise,Niemcy,Raporty,Timeout,Critical,3.8.9,Mobile,iOS,150.0,True,True
ERR-00595,2024-02-01 18:30:54,CUST-0103,SMB,Polska,Raporty,Błąd API,Medium,3.8.4,Desktop,macOS,24.0,True,False
ERR-00596,2024-07-24 12:27:43,CUST-0051,Mid-market,Hiszpania,Integracje,Błąd bazy danych,High,3.4.0,Tablet,iOS,250.0,True,False
ERR-00597,2024-02-25 15:31:45,CUST-0001,Enterprise,Polska,Płatności,Błąd bazy danych,High,3.1.7,Desktop,Windows,24.0,True,False
ERR-00598,2024-08-15 08:04:57,CUST-0007,Enterprise,Niemcy,Raporty,Timeout,Critical,3.3.7,Desktop,Windows,211.0,True,False
ERR-00599,2024-02-11 08:20:38,CUST-0019,Enterprise,Polska,Raporty,Błąd API,Medium,3.9.4,Tablet,iOS,53.0,True,False
ERR-00600,2024-03-16 02:04:08,CUST-0169,Startup,Polska,Integracje,Timeout,Critical,3.6.7,Desktop,macOS,948.0,True,False
ERR-00601,2024-05-20 08:39:40,CUST-0025,Enterprise,Francja,Logowanie,Timeout,High,3.6.0,Mobile,Android,26.0,True,False
ERR-00602,2024-10-26 09:35:45,CUST-0027,Enterprise,Polska,Raporty,Nieprawidłowe dane,Medium,3.6.9,Desktop,macOS,37.0,True,False
ERR-00603,2024-06-15 08:24:38,CUST-0023,Enterprise,Francja,Logowanie,Błąd interfejsu,Low,3.4.4,Desktop,macOS,13.0,True,False
ERR-00604,2024-09-28 04:18:29,CUST-0027,Enterprise,Polska,Płatności,Timeout,Critical,3.8.7,Tablet,Android,93.0,True,False
ERR-00605,2024-09-15 06:38:27,CUST-0013,Enterprise,Polska,Płatności,Błąd bazy danych,Low,3.5.8,Desktop,Windows,6.0,True,False
ERR-00606,2024-02-20 12:50:44,CUST-0035,Mid-market,Niemcy,Logowanie,Nieprawidłowe dane,Medium,3.1.7,Mobile,Android,56.0,True,False
ERR-00607,2024-02-28 08:54:41,CUST-0010,Enterprise,Polska,Eksport danych,Nieprawidłowe dane,High,3.1.9,Desktop,macOS,62.0,True,False
ERR-00608,2024-11-29 10:56:49,CUST-0101,SMB,Polska,Płatności,Timeout,Critical,3.6.0,Desktop,Windows,117.0,True,True
ERR-00609,2024-10-09 12:46:55,CUST-0019,Enterprise,Francja,Użytkownicy,Błąd interfejsu,Medium,3.9.5,Desktop,Windows,38.0,True,False
ERR-00610,2024-04-20 15:27:28,CUST-0046,Mid-market,Polska,Użytkownicy,Timeout,High,3.4.2,Desktop,macOS,165.0,True,False
ERR-00611,2024-04-26 02:26:21,CUST-0223,Startup,Hiszpania,Raporty,Timeout,Medium,3.9.0,Desktop,Windows,124.0,True,False
ERR-00612,2024-08-20 16:25:26,CUST-0130,SMB,Polska,Logowanie,Błąd autoryzacji,Medium,3.8.4,Desktop,macOS,161.0,True,False
ERR-00613,2024-02-18 14:20:27,CUST-0074,Mid-market,Polska,Raporty,Błąd API,High,3.3.7,Tablet,iOS,,False,False
ERR-00614,2024-06-09 04:42:16,CUST-0029,Enterprise,Francja,Eksport danych,Błąd autoryzacji,Low,3.0.5,Desktop,Windows,13.0,True,False
ERR-00615,2024-07-10 17:09:43,CUST-0018,Enterprise,Polska,Raporty,Timeout,High,3.1.5,Desktop,Windows,,False,False
ERR-00616,2024-08-30 19:04:05,CUST-0123,SMB,Polska,Logowanie,Timeout,Critical,3.8.3,Desktop,Linux,824.0,True,False
ERR-00617,2024-02-13 03:05:27,CUST-0200,Startup,Niemcy,Raporty,Nieprawidłowe dane,High,3.2.9,Desktop,Linux,329.0,True,False
ERR-00618,2024-02-19 09:47:47,CUST-0098,SMB,Polska,Eksport danych,Nieprawidłowe dane,Low,3.4.5,Mobile,Android,,False,False
ERR-00619,2024-07-09 16:51:08,CUST-0075,Mid-market,Hiszpania,Eksport danych,Timeout,High,3.5.5,Tablet,Android,70.0,True,False
ERR-00620,2024-10-11 16:03:37,CUST-0091,SMB,Polska,Logowanie,Nieprawidłowe dane,Low,3.8.2,Desktop,Windows,15.0,True,False
ERR-00621,2024-10-14 08:35:21,CUST-0063,Mid-market,Hiszpania,Integracje,Nieprawidłowe dane,Low,3.1.6,Mobile,iOS,22.0,True,False
ERR-00622,2024-12-09 08:07:26,CUST-0024,Enterprise,Wielka Brytania,Płatności,Błąd bazy danych,Critical,3.4.6,Desktop,Windows,107.0,True,False
ERR-00623,2024-06-30 11:55:42,CUST-0053,Mid-market,Niemcy,Płatności,Błąd autoryzacji,High,3.5.2,Desktop,Windows,118.0,True,False
ERR-00624,2024-08-04 12:55:58,CUST-0157,Startup,Wielka Brytania,Eksport danych,Błąd bazy danych,Critical,3.6.1,Mobile,iOS,345.0,True,False
ERR-00625,2024-01-27 14:18:38,CUST-0004,Enterprise,Niemcy,Płatności,Błąd interfejsu,Low,3.8.7,Desktop,Windows,26.0,True,False
ERR-00626,2024-06-08 10:22:06,CUST-0136,SMB,Wielka Brytania,Płatności,Błąd bazy danych,Critical,3.2.5,Mobile,iOS,261.0,True,False
ERR-00627,2024-10-22 12:32:13,CUST-0008,Enterprise,Polska,Logowanie,Timeout,High,3.8.7,Mobile,Android,29.0,True,False
ERR-00628,2024-03-20 16:42:30,CUST-0035,Mid-market,Francja,Eksport danych,Błąd API,Medium,3.8.1,Desktop,macOS,110.0,True,False
ERR-00629,2024-04-24 01:54:06,CUST-0011,Enterprise,Niemcy,Eksport danych,Błąd bazy danych,High,3.6.3,Tablet,Android,45.0,True,False
ERR-00630,2024-06-28 09:54:35,CUST-0069,Mid-market,Niemcy,Integracje,Błąd API,Low,3.8.1,Mobile,iOS,93.0,True,False
ERR-00631,2024-07-07 15:07:48,CUST-0131,SMB,Francja,Eksport danych,Błąd autoryzacji,High,3.4.7,Desktop,macOS,60.0,True,True
ERR-00632,2024-05-22 18:36:14,CUST-0025,Enterprise,Francja,Logowanie,Timeout,High,3.2.0,Desktop,Windows,213.0,True,False
ERR-00633,2024-08-07 12:54:35,CUST-0122,SMB,Polska,Raporty,Nieprawidłowe dane,Low,3.7.9,Desktop,Windows,13.0,True,False
ERR-00634,2024-11-14 13:39:43,CUST-0084,SMB,Polska,Raporty,Nieprawidłowe dane,Low,3.5.8,Tablet,iOS,18.0,True,False
ERR-00635,2024-11-25 05:35:01,CUST-0232,Startup,Francja,Logowanie,Błąd autoryzacji,Low,3.7.5,Mobile,Android,13.0,True,False
ERR-00636,2024-11-07 12:59:42,CUST-0009,Enterprise,Francja,Raporty,Błąd interfejsu,Low,3.4.3,Desktop,macOS,23.0,True,False
ERR-00637,2024-12-21 13:17:01,CUST-0026,Enterprise,Wielka Brytania,Użytkownicy,Timeout,High,3.9.3,Desktop,macOS,,False,False
ERR-00638,2024-04-02 09:17:44,CUST-0015,Enterprise,Hiszpania,Logowanie,Błąd bazy danych,Critical,3.6.8,Desktop,Windows,273.0,True,False
ERR-00639,2024-06-07 09:58:21,CUST-0213,Startup,Wielka Brytania,Płatności,Błąd bazy danych,Low,3.1.2,Desktop,Windows,31.0,True,False
ERR-00640,2024-06-28 11:00:11,CUST-0180,Startup,Francja,Płatności,Nieprawidłowe dane,Low,3.4.9,Desktop,Windows,103.0,True,False
ERR-00641,2024-03-14 01:36:42,CUST-0053,Mid-market,Polska,Płatności,Błąd interfejsu,Medium,3.8.4,Desktop,macOS,59.0,True,True
ERR-00642,2024-07-24 10:04:09,CUST-0129,SMB,Polska,Użytkownicy,Timeout,Critical,3.8.6,Desktop,Windows,329.0,True,False
ERR-00643,2024-11-20 08:01:05,CUST-0058,Mid-market,Hiszpania,Raporty,Nieprawidłowe dane,Medium,3.5.4,Desktop,Windows,106.0,True,False
ERR-00644,2024-09-28 10:13:24,CUST-0042,Mid-market,Francja,Raporty,Błąd autoryzacji,Medium,3.9.2,Desktop,Windows,33.0,True,False
ERR-00645,2024-08-02 06:29:21,CUST-0022,Enterprise,Polska,Eksport danych,Błąd bazy danych,High,3.4.0,Desktop,Windows,49.0,True,False
ERR-00646,2024-03-21 18:23:19,CUST-0129,SMB,Niemcy,Logowanie,Błąd bazy danych,High,3.4.7,Mobile,Android,329.0,True,False
ERR-00647,2024-06-15 14:49:36,CUST-0003,Enterprise,Wielka Brytania,Raporty,Błąd bazy danych,Low,3.9.2,Desktop,Windows,40.0,True,False
ERR-00648,2024-11-01 15:05:56,CUST-0118,SMB,Niemcy,Raporty,Timeout,Critical,3.9.2,Desktop,Windows,990.0,True,False
ERR-00649,2024-01-27 16:09:10,CUST-0112,SMB,Niemcy,Raporty,Nieprawidłowe dane,Medium,3.8.0,Desktop,macOS,159.0,True,False
ERR-00650,2024-11-12 12:03:43,CUST-0090,SMB,Niemcy,Użytkownicy,Błąd autoryzacji,Medium,3.8.9,Desktop,Windows,28.0,True,False
ERR-00651,2024-02-11 04:17:28,CUST-0003,Enterprise,Polska,Eksport danych,Błąd autoryzacji,High,3.1.3,Desktop,Windows,127.0,True,False
ERR-00652,2024-12-04 13:27:31,CUST-0009,Enterprise,Niemcy,Raporty,Błąd bazy danych,Critical,3.8.9,Desktop,Windows,108.0,True,False
ERR-00653,2024-11-06 13:28:26,CUST-0005,Enterprise,Niemcy,Eksport danych,Błąd API,Low,3.4.2,Desktop,Windows,75.0,True,False
ERR-00654,2024-05-19 16:13:48,CUST-0013,Enterprise,Polska,Logowanie,Nieprawidłowe dane,Medium,3.2.6,Mobile,iOS,29.0,True,False
ERR-00655,2024-09-19 11:07:22,CUST-0023,Enterprise,Hiszpania,Logowanie,Timeout,Medium,3.3.5,Mobile,Android,34.0,True,False
ERR-00656,2024-08-08 06:07:18,CUST-0232,Startup,Niemcy,Płatności,Błąd autoryzacji,Low,3.4.7,Mobile,Android,38.0,True,False
ERR-00657,2024-12-13 09:43:37,CUST-0040,Mid-market,Hiszpania,Płatności,Nieprawidłowe dane,Medium,3.3.7,Mobile,Android,,False,False
ERR-00658,2024-09-06 10:33:42,CUST-0024,Enterprise,Wielka Brytania,Raporty,Błąd API,High,3.4.2,Mobile,Android,46.0,True,False
ERR-00659,2024-06-06 14:02:14,CUST-0013,Enterprise,Polska,Integracje,Timeout,Critical,3.2.0,Desktop,Windows,54.0,True,False
ERR-00660,2024-07-21 13:38:03,CUST-0051,Mid-market,Francja,Użytkownicy,Błąd bazy danych,High,3.4.1,Desktop,macOS,253.0,True,False
ERR-00661,2024-01-04 10:13:19,CUST-0054,Mid-market,Niemcy,Raporty,Błąd API,Low,3.6.5,Desktop,Windows,47.0,True,False
ERR-00662,2024-04-18 23:49:08,CUST-0037,Mid-market,Wielka Brytania,Raporty,Błąd bazy danych,Medium,3.4.8,Desktop,Windows,23.0,True,False
ERR-00663,2024-05-10 14:18:20,CUST-0162,Startup,Polska,Logowanie,Błąd API,High,3.4.4,Mobile,Android,259.0,True,False
ERR-00664,2024-03-02 09:00:31,CUST-0031,Mid-market,Francja,Logowanie,Nieprawidłowe dane,Medium,3.8.3,Desktop,Windows,63.0,True,False
ERR-00665,2024-08-08 05:11:08,CUST-0190,Startup,Francja,Raporty,Nieprawidłowe dane,Medium,3.9.2,Desktop,Windows,59.0,True,False
ERR-00666,2024-07-13 08:34:45,CUST-0207,Startup,Polska,Raporty,Błąd bazy danych,Critical,3.8.4,Desktop,Windows,184.0,True,False
ERR-00667,2024-04-27 09:32:35,CUST-0012,Enterprise,Polska,Eksport danych,Błąd autoryzacji,High,3.4.3,Desktop,macOS,140.0,True,False
ERR-00668,2024-12-08 08:51:22,CUST-0248,Startup,Francja,Logowanie,Nieprawidłowe dane,High,3.8.3,Mobile,Android,218.0,True,False
ERR-00669,2024-02-06 08:25:55,CUST-0009,Enterprise,Francja,Logowanie,Błąd bazy danych,Medium,3.2.2,Mobile,Android,34.0,True,False
ERR-00670,2024-01-22 09:27:01,CUST-0094,SMB,Polska,Raporty,Błąd bazy danych,Critical,3.1.9,Desktop,macOS,316.0,True,False
ERR-00671,2024-08-23 08:58:04,CUST-0005,Enterprise,Francja,Płatności,Timeout,Critical,3.4.3,Mobile,iOS,56.0,True,True
ERR-00672,2024-06-09 18:36:27,CUST-0162,Startup,Niemcy,Logowanie,Nieprawidłowe dane,Low,3.8.7,Desktop,Windows,34.0,True,False
ERR-00673,2024-10-20 04:25:45,CUST-0174,Startup,Francja,Integracje,Błąd bazy danych,High,3.3.6,Mobile,Android,81.0,True,False
ERR-00674,2024-11-23 13:26:18,CUST-0136,SMB,Polska,Logowanie,Błąd autoryzacji,Medium,3.0.9,Desktop,Windows,34.0,True,False
ERR-00675,2024-02-28 11:25:01,CUST-0138,SMB,Wielka Brytania,Integracje,Błąd API,Critical,3.1.9,Desktop,Windows,350.0,True,False
ERR-00676,2024-06-15 23:10:51,CUST-0018,Enterprise,Polska,Płatności,Nieprawidłowe dane,Low,3.8.9,Desktop,Windows,41.0,True,True
ERR-00677,2024-11-12 06:29:53,CUST-0018,Enterprise,Niemcy,Logowanie,Błąd autoryzacji,Medium,3.7.5,Mobile,Android,,False,False
ERR-00678,2024-12-19 11:58:23,CUST-0063,Mid-market,Polska,Raporty,Błąd interfejsu,Low,3.3.7,Tablet,iOS,20.0,True,False
ERR-00679,2024-02-15 22:27:54,CUST-0014,Enterprise,Polska,Eksport danych,Błąd bazy danych,Critical,3.6.3,Desktop,Windows,73.0,True,False
ERR-00680,2024-02-24 17:15:27,CUST-0094,SMB,Niemcy,Raporty,Błąd bazy danych,Medium,3.5.9,Desktop,Windows,83.0,True,False
ERR-00681,2024-10-28 17:25:33,CUST-0001,Enterprise,Polska,Eksport danych,Timeout,High,3.7.8,Tablet,Android,145.0,True,False
ERR-00682,2024-02-10 09:25:55,CUST-0162,Startup,Hiszpania,Logowanie,Timeout,High,3.3.4,Desktop,macOS,242.0,True,True
ERR-00683,2024-06-07 08:47:21,CUST-0053,Mid-market,Polska,Eksport danych,Błąd interfejsu,Critical,3.8.9,Desktop,Windows,462.0,True,False
ERR-00684,2024-04-23 15:21:49,CUST-0092,SMB,Niemcy,Płatności,Timeout,High,3.4.2,Desktop,Windows,137.0,True,False
ERR-00685,2024-03-27 20:04:32,CUST-0020,Enterprise,Polska,Integracje,Błąd bazy danych,Medium,3.8.1,Desktop,Windows,52.0,True,False
ERR-00686,2024-11-20 13:07:33,CUST-0227,Startup,Polska,Raporty,Timeout,Critical,3.0.2,Mobile,iOS,145.0,True,False
ERR-00687,2024-09-18 13:12:57,CUST-0192,Startup,Polska,Użytkownicy,Błąd autoryzacji,Medium,3.4.5,Mobile,Android,53.0,True,False
ERR-00688,2024-06-27 09:22:46,CUST-0055,Mid-market,Niemcy,Raporty,Błąd autoryzacji,Critical,3.4.4,Desktop,Windows,167.0,True,False
ERR-00689,2024-11-26 16:52:09,CUST-0031,Mid-market,Niemcy,Logowanie,Błąd API,Low,3.6.1,Desktop,Windows,25.0,True,False
ERR-00690,2024-04-30 08:06:09,CUST-0118,SMB,Niemcy,Logowanie,Błąd interfejsu,Medium,3.1.0,Mobile,Android,179.0,True,False
ERR-00691,2024-05-11 10:12:11,CUST-0014,Enterprise,Niemcy,Eksport danych,Timeout,High,3.8.6,Desktop,Windows,,False,False
ERR-00692,2024-11-04 11:09:48,CUST-0055,Mid-market,Niemcy,Raporty,Timeout,Medium,3.3.2,Mobile,iOS,116.0,True,False
ERR-00693,2024-12-01 12:04:11,CUST-0025,Enterprise,Polska,Eksport danych,Timeout,Critical,3.8.0,Desktop,Windows,62.0,True,False
ERR-00694,2024-11-17 09:31:29,CUST-0003,Enterprise,Niemcy,Płatności,Błąd API,Medium,3.8.6,Desktop,Windows,16.0,True,False
ERR-00695,2024-10-15 06:48:37,CUST-0024,Enterprise,Wielka Brytania,Płatności,Błąd API,High,3.6.4,Tablet,iOS,49.0,True,False
ERR-00696,2024-08-17 14:43:59,CUST-0029,Enterprise,Niemcy,Logowanie,Nieprawidłowe dane,Medium,3.8.3,Mobile,iOS,20.0,True,False
ERR-00697,2024-10-16 09:41:40,CUST-0018,Enterprise,Francja,Użytkownicy,Błąd API,Medium,3.7.9,Desktop,Linux,39.0,True,False
ERR-00698,2024-11-15 13:20:55,CUST-0029,Enterprise,Polska,Integracje,Błąd API,Medium,3.4.4,Mobile,iOS,80.0,True,False
ERR-00699,2024-11-17 08:20:09,CUST-0182,Startup,Hiszpania,Użytkownicy,Błąd autoryzacji,Critical,3.8.7,Desktop,Windows,1008.0,True,False
ERR-00700,2024-08-13 12:04:30,CUST-0067,Mid-market,Hiszpania,Płatności,Błąd interfejsu,Low,3.4.1,Desktop,Windows,33.0,True,False
ERR-00701,2024-08-14 13:40:19,CUST-0217,Startup,Niemcy,Integracje,Timeout,High,3.6.5,Tablet,iOS,303.0,True,False
ERR-00702,2024-05-20 02:37:03,CUST-0041,Mid-market,Wielka Brytania,Integracje,Błąd autoryzacji,Medium,3.8.3,Mobile,iOS,52.0,True,False
ERR-00703,2024-06-29 10:32:04,CUST-0022,Enterprise,Polska,Płatności,Błąd bazy danych,High,3.4.5,Desktop,Windows,37.0,True,False
ERR-00704,2024-06-07 07:29:28,CUST-0055,Mid-market,Polska,Eksport danych,Błąd API,Low,3.4.1,Desktop,Windows,26.0,True,False
ERR-00705,2024-01-20 03:03:23,CUST-0041,Mid-market,Hiszpania,Użytkownicy,Błąd API,Critical,3.4.9,Desktop,Windows,227.0,True,False
ERR-00706,2024-05-26 23:04:41,CUST-0005,Enterprise,Hiszpania,Eksport danych,Błąd API,Low,3.8.7,Desktop,Windows,25.0,True,False
ERR-00707,2024-02-16 10:39:38,CUST-0048,Mid-market,Polska,Integracje,Nieprawidłowe dane,High,3.9.4,Desktop,macOS,60.0,True,False
ERR-00708,2024-09-16 16:24:29,CUST-0010,Enterprise,Polska,Płatności,Timeout,Medium,3.6.1,Mobile,Android,24.0,True,False
ERR-00709,2024-10-24 09:35:50,CUST-0048,Mid-market,Polska,Płatności,Nieprawidłowe dane,Medium,3.7.9,Desktop,Windows,38.0,True,False
ERR-00710,2024-01-22 15:28:58,CUST-0144,SMB,Polska,Użytkownicy,Błąd bazy danych,Critical,3.9.2,Mobile,iOS,859.0,True,False
ERR-00711,2024-10-19 16:41:12,CUST-0005,Enterprise,Hiszpania,Logowanie,Błąd API,Low,3.1.4,Desktop,macOS,14.0,True,False
ERR-00712,2024-06-13 14:38:30,CUST-0003,Enterprise,Niemcy,Integracje,Błąd API,Critical,3.3.4,Desktop,Windows,214.0,True,False
ERR-00713,2024-09-13 12:09:03,CUST-0102,SMB,Polska,Integracje,Timeout,High,3.8.2,Desktop,macOS,212.0,True,False
ERR-00714,2024-08-18 11:06:51,CUST-0058,Mid-market,Niemcy,Integracje,Błąd bazy danych,Critical,3.8.7,Desktop,Windows,131.0,True,False
ERR-00715,2024-06-24 10:45:05,CUST-0009,Enterprise,Polska,Użytkownicy,Błąd API,Medium,3.8.9,Desktop,macOS,35.0,True,False
ERR-00716,2024-09-15 20:41:11,CUST-0204,Startup,Polska,Płatności,Timeout,High,3.4.7,Tablet,iOS,362.0,True,False
ERR-00717,2024-01-21 17:15:45,CUST-0010,Enterprise,Francja,Płatności,Błąd API,Low,3.1.3,Desktop,Windows,15.0,True,False
ERR-00718,2024-08-12 22:28:33,CUST-0142,SMB,Wielka Brytania,Logowanie,Błąd interfejsu,Medium,3.4.8,Tablet,iOS,194.0,True,True
ERR-00719,2024-09-24 06:39:10,CUST-0160,Startup,Hiszpania,Raporty,Błąd API,Low,3.3.4,Desktop,macOS,20.0,True,False
ERR-00720,2024-07-05 15:23:58,CUST-0012,Enterprise,Polska,Płatności,Błąd interfejsu,Low,3.4.1,Tablet,iOS,6.0,True,False
ERR-00721,2024-05-24 20:24:26,CUST-0009,Enterprise,Wielka Brytania,Płatności,Timeout,Medium,3.8.5,Desktop,Windows,77.0,True,False
ERR-00722,2024-06-22 08:43:38,CUST-0008,Enterprise,Hiszpania,Eksport danych,Błąd autoryzacji,Medium,3.1.1,Tablet,iOS,66.0,True,False
ERR-00723,2024-01-27 03:50:40,CUST-0024,Enterprise,Hiszpania,Użytkownicy,Timeout,Critical,3.8.8,Desktop,Windows,634.0,True,False
ERR-00724,2024-11-27 16:21:04,CUST-0021,Enterprise,Niemcy,Logowanie,Błąd API,Low,3.4.8,Mobile,Android,22.0,True,True
ERR-00725,2024-06-17 13:06:35,CUST-0144,SMB,Niemcy,Raporty,Timeout,Medium,3.6.9,Tablet,iOS,186.0,True,False
ERR-00726,2024-12-13 17:24:18,CUST-0020,Enterprise,Polska,Użytkownicy,Błąd autoryzacji,Medium,3.1.3,Desktop,macOS,,False,False
ERR-00727,2024-05-09 07:46:54,CUST-0070,Mid-market,Polska,Logowanie,Błąd interfejsu,Low,3.4.3,Desktop,Windows,50.0,True,True
ERR-00728,2024-12-02 16:58:38,CUST-0176,Startup,Polska,Logowanie,Nieprawidłowe dane,Low,3.1.3,Desktop,Windows,76.0,True,False
ERR-00729,2024-03-17 08:21:05,CUST-0139,SMB,Polska,Logowanie,Błąd bazy danych,Medium,3.9.7,Tablet,Android,71.0,True,False
ERR-00730,2024-10-25 08:42:09,CUST-0037,Mid-market,Niemcy,Raporty,Błąd autoryzacji,Critical,3.8.7,Desktop,Windows,165.0,True,False
ERR-00731,2024-06-28 08:19:41,CUST-0005,Enterprise,Francja,Logowanie,Błąd autoryzacji,High,3.4.9,Desktop,Windows,186.0,True,False
ERR-00732,2024-12-23 16:42:25,CUST-0050,Mid-market,Niemcy,Użytkownicy,Błąd autoryzacji,Medium,3.3.3,Desktop,macOS,43.0,True,False
ERR-00733,2024-03-07 14:38:45,CUST-0031,Mid-market,Polska,Raporty,Błąd bazy danych,Critical,3.9.5,Desktop,Windows,221.0,True,True
ERR-00734,2024-02-13 13:19:35,CUST-0056,Mid-market,Wielka Brytania,Raporty,Błąd interfejsu,Medium,3.4.3,Mobile,Android,44.0,True,False
ERR-00735,2024-07-11 10:41:50,CUST-0011,Enterprise,Wielka Brytania,Płatności,Błąd API,Medium,3.2.4,Desktop,Windows,35.0,True,True
ERR-00736,2024-06-17 17:52:08,CUST-0230,Startup,Hiszpania,Raporty,Błąd autoryzacji,Medium,3.6.4,Desktop,Linux,67.0,True,False
ERR-00737,2024-12-09 11:44:53,CUST-0055,Mid-market,Wielka Brytania,Integracje,Błąd API,Medium,3.9.5,Tablet,Android,18.0,True,False
ERR-00738,2024-12-16 17:58:33,CUST-0026,Enterprise,Niemcy,Eksport danych,Timeout,High,3.0.0,Desktop,Windows,151.0,True,False
ERR-00739,2024-02-17 11:41:42,CUST-0028,Enterprise,Wielka Brytania,Eksport danych,Timeout,Low,3.3.5,Mobile,Android,14.0,True,False
ERR-00740,2024-08-04 11:32:23,CUST-0052,Mid-market,Polska,Raporty,Błąd bazy danych,High,3.9.5,Desktop,Windows,121.0,True,False
ERR-00741,2024-01-10 12:23:19,CUST-0137,SMB,Niemcy,Użytkownicy,Błąd bazy danych,Critical,3.2.5,Desktop,Windows,126.0,True,False
ERR-00742,2024-04-02 10:13:21,CUST-0123,SMB,Polska,Eksport danych,Błąd autoryzacji,Medium,3.1.6,Desktop,Windows,20.0,True,False
ERR-00743,2024-09-05 16:12:14,CUST-0136,SMB,Polska,Eksport danych,Błąd autoryzacji,High,3.6.5,Mobile,Android,79.0,True,False
ERR-00744,2024-03-11 12:09:04,CUST-0027,Enterprise,Polska,Logowanie,Błąd interfejsu,Critical,3.8.9,Desktop,Windows,191.0,True,False
ERR-00745,2024-05-31 09:54:50,CUST-0072,Mid-market,Francja,Logowanie,Timeout,Medium,3.5.1,Desktop,Windows,21.0,True,False
ERR-00746,2024-02-21 18:32:49,CUST-0069,Mid-market,Hiszpania,Płatności,Błąd autoryzacji,Medium,3.9.9,Desktop,Windows,131.0,True,False
ERR-00747,2024-10-03 11:53:47,CUST-0005,Enterprise,Niemcy,Integracje,Timeout,Critical,3.8.0,Desktop,Windows,74.0,True,False
ERR-00748,2024-09-26 13:02:42,CUST-0010,Enterprise,Polska,Raporty,Błąd autoryzacji,Critical,3.1.1,Mobile,Android,72.0,True,False
ERR-00749,2024-06-21 18:56:49,CUST-0122,SMB,Hiszpania,Raporty,Timeout,Critical,3.9.9,Desktop,Windows,138.0,True,False
ERR-00750,2024-11-12 14:08:38,CUST-0020,Enterprise,Francja,Eksport danych,Nieprawidłowe dane,Medium,3.4.7,Mobile,Android,,False,False
ERR-00751,2024-07-11 06:09:10,CUST-0075,Mid-market,Niemcy,Eksport danych,Timeout,High,3.4.1,Desktop,Windows,37.0,True,False
ERR-00752,2024-04-02 20:53:44,CUST-0007,Enterprise,Francja,Użytkownicy,Błąd API,High,3.6.3,Mobile,Android,111.0,True,False
ERR-00753,2024-11-15 14:51:57,CUST-0016,Enterprise,Polska,Płatności,Błąd bazy danych,Medium,3.4.1,Desktop,Windows,72.0,True,False
ERR-00754,2024-03-25 10:46:28,CUST-0011,Enterprise,Polska,Integracje,Błąd API,High,3.1.2,Desktop,Windows,80.0,True,False
ERR-00755,2024-01-23 07:26:23,CUST-0173,Startup,Wielka Brytania,Płatności,Nieprawidłowe dane,Critical,3.0.0,Desktop,Linux,161.0,True,True
ERR-00756,2024-12-12 16:46:15,CUST-0131,SMB,Polska,Logowanie,Nieprawidłowe dane,Medium,3.4.9,Mobile,iOS,40.0,True,False
ERR-00757,2024-08-15 14:39:18,CUST-0191,Startup,Niemcy,Logowanie,Błąd autoryzacji,Medium,3.8.8,Desktop,Windows,68.0,True,False
ERR-00758,2024-08-17 13:14:34,CUST-0049,Mid-market,Wielka Brytania,Płatności,Błąd bazy danych,High,3.6.5,Mobile,Android,,False,True
ERR-00759,2024-05-02 18:19:51,CUST-0024,Enterprise,Francja,Raporty,Błąd API,Medium,3.9.9,Mobile,Android,103.0,True,False
ERR-00760,2024-08-28 16:57:53,CUST-0075,Mid-market,Polska,Eksport danych,Błąd interfejsu,Medium,3.4.1,Desktop,Windows,30.0,True,False
ERR-00761,2024-04-09 08:23:43,CUST-0071,Mid-market,Polska,Logowanie,Błąd API,High,3.4.0,Desktop,Windows,,False,False
ERR-00762,2024-10-19 10:28:29,CUST-0143,SMB,Polska,Integracje,Błąd interfejsu,Critical,3.2.3,Desktop,macOS,406.0,True,True
ERR-00763,2024-05-24 09:49:24,CUST-0019,Enterprise,Francja,Raporty,Błąd bazy danych,Critical,3.2.4,Desktop,Windows,,False,True
ERR-00764,2024-09-14 16:33:26,CUST-0046,Mid-market,Niemcy,Płatności,Timeout,Medium,3.4.0,Mobile,iOS,,False,False
ERR-00765,2024-03-23 01:52:12,CUST-0011,Enterprise,Polska,Raporty,Błąd API,High,3.8.6,Mobile,Android,,False,False
ERR-00766,2024-11-05 13:08:55,CUST-0013,Enterprise,Wielka Brytania,Płatności,Błąd interfejsu,High,3.9.2,Desktop,macOS,57.0,True,False
ERR-00767,2024-05-08 16:03:41,CUST-0116,SMB,Niemcy,Raporty,Nieprawidłowe dane,Low,3.9.8,Desktop,macOS,21.0,True,False
ERR-00768,2024-09-03 17:55:23,CUST-0056,Mid-market,Polska,Raporty,Błąd autoryzacji,Low,3.3.4,Desktop,Windows,23.0,True,False
ERR-00769,2024-10-10 10:59:06,CUST-0012,Enterprise,Niemcy,Logowanie,Błąd bazy danych,High,3.9.1,Desktop,Windows,,False,False
ERR-00770,2024-12-30 17:54:33,CUST-0004,Enterprise,Francja,Logowanie,Timeout,Critical,3.4.3,Mobile,Android,54.0,True,False
ERR-00771,2024-03-04 05:18:05,CUST-0067,Mid-market,Polska,Raporty,Błąd autoryzacji,Medium,3.1.6,Desktop,Windows,93.0,True,False
ERR-00772,2024-03-23 17:17:28,CUST-0106,SMB,Polska,Użytkownicy,Błąd API,High,3.9.0,Mobile,Android,78.0,True,False
ERR-00773,2024-09-19 06:09:53,CUST-0226,Startup,Hiszpania,Płatności,Timeout,High,3.7.5,Desktop,Windows,230.0,True,False
ERR-00774,2024-08-11 11:05:58,CUST-0220,Startup,Niemcy,Integracje,Nieprawidłowe dane,High,3.2.4,Desktop,Windows,62.0,True,False
ERR-00775,2024-04-23 16:52:28,CUST-0104,SMB,Niemcy,Integracje,Timeout,Low,3.4.8,Desktop,Linux,103.0,True,False
ERR-00776,2024-06-27 08:59:01,CUST-0022,Enterprise,Niemcy,Użytkownicy,Nieprawidłowe dane,Medium,3.4.1,Desktop,Windows,16.0,True,False
ERR-00777,2024-07-31 09:03:25,CUST-0084,SMB,Polska,Eksport danych,Błąd autoryzacji,Medium,3.8.3,Desktop,Linux,149.0,True,False
ERR-00778,2024-09-14 15:23:15,CUST-0077,Mid-market,Polska,Raporty,Timeout,Medium,3.4.9,Mobile,Android,,False,False
ERR-00779,2024-07-16 15:05:23,CUST-0015,Enterprise,Niemcy,Integracje,Timeout,Critical,3.9.9,Mobile,iOS,244.0,True,True
ERR-00780,2024-04-24 14:01:20,CUST-0107,SMB,Polska,Eksport danych,Timeout,High,3.0.8,Desktop,Windows,458.0,True,False
ERR-00781,2024-02-20 15:53:45,CUST-0015,Enterprise,Polska,Raporty,Błąd autoryzacji,Medium,3.4.4,Desktop,Windows,29.0,True,False
ERR-00782,2024-11-28 13:21:50,CUST-0188,Startup,Hiszpania,Płatności,Timeout,High,3.5.2,Desktop,macOS,231.0,True,False
ERR-00783,2024-03-15 09:08:02,CUST-0075,Mid-market,Wielka Brytania,Logowanie,Błąd API,Medium,3.5.5,Mobile,Android,38.0,True,False
ERR-00784,2024-05-26 10:58:53,CUST-0035,Mid-market,Hiszpania,Eksport danych,Timeout,Medium,3.4.2,Desktop,macOS,,False,True
ERR-00785,2024-08-29 08:44:53,CUST-0133,SMB,Wielka Brytania,Eksport danych,Błąd API,Low,3.8.3,Tablet,iOS,16.0,True,False
ERR-00786,2024-03-12 19:48:45,CUST-0237,Startup,Polska,Logowanie,Timeout,Critical,3.9.0,Desktop,Windows,265.0,True,False
ERR-00787,2024-08-28 13:28:39,CUST-0062,Mid-market,Wielka Brytania,Raporty,Nieprawidłowe dane,Low,3.9.5,Desktop,Windows,12.0,True,False
ERR-00788,2024-01-03 11:57:05,CUST-0039,Mid-market,Polska,Raporty,Błąd interfejsu,High,3.8.6,Tablet,iOS,422.0,True,False
ERR-00789,2024-01-10 12:16:13,CUST-0021,Enterprise,Wielka Brytania,Logowanie,Błąd API,Critical,3.8.9,Desktop,Windows,57.0,True,False
ERR-00790,2024-03-17 21:35:46,CUST-0050,Mid-market,Wielka Brytania,Użytkownicy,Timeout,High,3.6.2,Desktop,macOS,121.0,True,False
ERR-00791,2024-11-07 08:33:27,CUST-0008,Enterprise,Francja,Płatności,Błąd autoryzacji,Low,3.8.7,Desktop,macOS,20.0,True,False
ERR-00792,2024-02-26 13:49:18,CUST-0113,SMB,Wielka Brytania,Logowanie,Błąd interfejsu,Medium,3.4.1,Desktop,Windows,66.0,True,False
ERR-00793,2024-05-01 12:19:07,CUST-0073,Mid-market,Niemcy,Raporty,Błąd autoryzacji,Critical,3.4.6,Desktop,Windows,280.0,True,False
ERR-00794,2024-01-25 14:15:26,CUST-0100,SMB,Polska,Integracje,Timeout,Critical,3.4.2,Mobile,iOS,120.0,True,False
ERR-00795,2024-11-23 00:50:39,CUST-0023,Enterprise,Niemcy,Logowanie,Timeout,High,3.5.0,Mobile,Android,71.0,True,False
ERR-00796,2024-08-22 17:04:07,CUST-0014,Enterprise,Niemcy,Integracje,Timeout,Critical,3.4.0,Desktop,Windows,86.0,True,True
ERR-00797,2024-09-12 20:38:34,CUST-0129,SMB,Polska,Raporty,Błąd autoryzacji,Low,3.9.7,Tablet,Android,,False,False
ERR-00798,2024-01-09 13:40:32,CUST-0003,Enterprise,Francja,Logowanie,Nieprawidłowe dane,Critical,3.4.2,Desktop,Windows,383.0,True,False
ERR-00799,2024-10-21 15:15:45,CUST-0015,Enterprise,Wielka Brytania,Logowanie,Błąd autoryzacji,Critical,3.1.4,Desktop,Windows,217.0,True,False
ERR-00800,2024-03-14 19:18:27,CUST-0020,Enterprise,Polska,Raporty,Błąd bazy danych,Medium,3.5.9,Desktop,Windows,,False,False
ERR-00801,2024-01-01 15:39:22,CUST-0212,Startup,Hiszpania,Płatności,Błąd autoryzacji,Low,3.0.8,Desktop,macOS,135.0,True,False
ERR-00802,2024-05-03 08:36:26,CUST-0132,SMB,Wielka Brytania,Użytkownicy,Błąd autoryzacji,Low,3.1.6,Desktop,Windows,11.0,True,False
ERR-00803,2024-04-05 13:42:42,CUST-0018,Enterprise,Wielka Brytania,Eksport danych,Błąd interfejsu,Low,3.3.2,Tablet,iOS,10.0,True,False
ERR-00804,2024-02-13 14:33:23,CUST-0017,Enterprise,Wielka Brytania,Użytkownicy,Timeout,Critical,3.4.9,Desktop,Linux,71.0,True,False
ERR-00805,2024-02-04 11:33:34,CUST-0030,Enterprise,Niemcy,Płatności,Nieprawidłowe dane,Medium,3.4.8,Desktop,macOS,10.0,True,False
ERR-00806,2024-09-16 15:50:32,CUST-0134,SMB,Wielka Brytania,Użytkownicy,Błąd API,Low,3.8.6,Desktop,macOS,18.0,True,False
ERR-00807,2024-10-10 20:01:24,CUST-0150,SMB,Hiszpania,Raporty,Błąd autoryzacji,Medium,3.8.3,Mobile,Android,88.0,True,False
ERR-00808,2024-08-28 19:02:40,CUST-0002,Enterprise,Polska,Płatności,Błąd interfejsu,Critical,3.4.7,Mobile,iOS,77.0,True,False
ERR-00809,2024-07-17 12:23:16,CUST-0026,Enterprise,Niemcy,Logowanie,Timeout,High,3.4.3,Desktop,Windows,,False,True
ERR-00810,2024-01-09 06:22:50,CUST-0012,Enterprise,Francja,Logowanie,Nieprawidłowe dane,Medium,3.4.2,Desktop,Windows,31.0,True,False
ERR-00811,2024-02-04 23:22:15,CUST-0149,SMB,Polska,Integracje,Błąd autoryzacji,Low,3.8.5,Desktop,Windows,76.0,True,False
ERR-00812,2024-12-02 17:40:06,CUST-0091,SMB,Francja,Raporty,Nieprawidłowe dane,Critical,3.0.7,Desktop,Windows,374.0,True,True
ERR-00813,2024-10-24 06:47:48,CUST-0004,Enterprise,Francja,Płatności,Błąd autoryzacji,High,3.0.1,Desktop,macOS,53.0,True,False
ERR-00814,2024-06-19 19:08:02,CUST-0025,Enterprise,Polska,Integracje,Błąd API,Low,3.8.6,Desktop,Windows,12.0,True,False
ERR-00815,2024-06-29 17:34:21,CUST-0008,Enterprise,Niemcy,Płatności,Błąd bazy danych,Medium,3.5.1,Desktop,macOS,,False,False
ERR-00816,2024-11-25 13:11:53,CUST-0235,Startup,Hiszpania,Raporty,Błąd interfejsu,Low,3.1.9,Desktop,macOS,32.0,True,False
ERR-00817,2024-12-16 13:29:44,CUST-0022,Enterprise,Niemcy,Raporty,Błąd interfejsu,Low,3.3.5,Desktop,Windows,8.0,True,False
ERR-00818,2024-09-02 11:40:11,CUST-0126,SMB,Polska,Eksport danych,Nieprawidłowe dane,Medium,3.9.4,Tablet,Android,80.0,True,False
ERR-00819,2024-03-10 02:04:45,CUST-0041,Mid-market,Polska,Eksport danych,Nieprawidłowe dane,Critical,3.8.9,Tablet,iOS,159.0,True,False
ERR-00820,2024-08-22 10:02:18,CUST-0021,Enterprise,Niemcy,Raporty,Timeout,High,3.8.2,Desktop,Windows,137.0,True,False
ERR-00821,2024-04-13 16:02:50,CUST-0020,Enterprise,Wielka Brytania,Raporty,Timeout,Critical,3.5.2,Desktop,Windows,215.0,True,True
ERR-00822,2024-04-12 00:56:02,CUST-0002,Enterprise,Polska,Raporty,Timeout,High,3.5.8,Desktop,Linux,79.0,True,False
ERR-00823,2024-06-10 10:59:19,CUST-0067,Mid-market,Francja,Eksport danych,Timeout,Critical,3.9.8,Desktop,Windows,159.0,True,False
ERR-00824,2024-09-20 11:25:52,CUST-0132,SMB,Polska,Płatności,Timeout,Critical,3.9.7,Mobile,Android,147.0,True,True
ERR-00825,2024-10-05 13:30:16,CUST-0079,Mid-market,Polska,Płatności,Błąd API,Low,3.3.2,Desktop,macOS,44.0,True,False
ERR-00826,2024-01-19 19:48:41,CUST-0052,Mid-market,Hiszpania,Logowanie,Błąd autoryzacji,Medium,3.8.7,Mobile,Android,48.0,True,False
ERR-00827,2024-04-07 10:18:22,CUST-0026,Enterprise,Francja,Raporty,Błąd bazy danych,High,3.2.9,Tablet,iOS,38.0,True,False
ERR-00828,2024-01-25 10:55:41,CUST-0206,Startup,Polska,Raporty,Błąd autoryzacji,Low,3.3.2,Desktop,Windows,19.0,True,False
ERR-00829,2024-06-18 15:17:07,CUST-0094,SMB,Niemcy,Eksport danych,Timeout,High,3.8.0,Desktop,Windows,67.0,True,False
ERR-00830,2024-07-07 12:27:56,CUST-0001,Enterprise,Polska,Płatności,Błąd API,Medium,3.4.6,Desktop,Windows,55.0,True,True
ERR-00831,2024-07-23 09:47:28,CUST-0163,Startup,Niemcy,Raporty,Nieprawidłowe dane,Critical,3.9.4,Desktop,Windows,175.0,True,False
ERR-00832,2024-07-16 12:21:11,CUST-0047,Mid-market,Francja,Eksport danych,Błąd bazy danych,High,3.1.3,Desktop,Windows,,False,False
ERR-00833,2024-09-11 07:44:31,CUST-0045,Mid-market,Polska,Eksport danych,Błąd bazy danych,Critical,3.5.6,Desktop,macOS,216.0,True,False
ERR-00834,2024-07-07 08:59:51,CUST-0146,SMB,Polska,Raporty,Błąd autoryzacji,Medium,3.9.3,Mobile,Android,,False,False
ERR-00835,2024-09-22 12:17:51,CUST-0147,SMB,Niemcy,Raporty,Błąd API,High,3.9.2,Desktop,Linux,117.0,True,False
ERR-00836,2024-02-12 11:46:27,CUST-0109,SMB,Wielka Brytania,Płatności,Błąd autoryzacji,Medium,3.2.3,Desktop,Windows,72.0,True,False
ERR-00837,2024-02-10 19:27:38,CUST-0015,Enterprise,Wielka Brytania,Użytkownicy,Timeout,Critical,3.4.4,Desktop,Windows,,False,False
ERR-00838,2024-04-02 10:34:18,CUST-0012,Enterprise,Polska,Logowanie,Błąd API,Medium,3.7.2,Mobile,iOS,73.0,True,False
ERR-00839,2024-06-13 13:06:05,CUST-0201,Startup,Hiszpania,Użytkownicy,Błąd autoryzacji,Medium,3.2.3,Desktop,macOS,163.0,True,False
ERR-00840,2024-06-16 14:42:18,CUST-0015,Enterprise,Niemcy,Integracje,Timeout,High,3.9.7,Mobile,Android,58.0,True,False
ERR-00841,2024-06-05 00:28:38,CUST-0025,Enterprise,Niemcy,Raporty,Błąd interfejsu,Medium,3.9.3,Desktop,Windows,10.0,True,False
ERR-00842,2024-08-06 14:10:44,CUST-0074,Mid-market,Hiszpania,Logowanie,Błąd interfejsu,Low,3.2.5,Desktop,macOS,,False,False
ERR-00843,2024-08-15 08:22:28,CUST-0068,Mid-market,Wielka Brytania,Raporty,Timeout,Medium,3.1.8,Desktop,Windows,43.0,True,False
ERR-00844,2024-01-22 21:46:55,CUST-0075,Mid-market,Wielka Brytania,Raporty,Błąd autoryzacji,Low,3.1.2,Desktop,macOS,30.0,True,False
ERR-00845,2024-06-29 08:39:27,CUST-0215,Startup,Niemcy,Logowanie,Błąd autoryzacji,High,3.9.3,Mobile,Android,164.0,True,False
ERR-00846,2024-05-20 11:40:50,CUST-0005,Enterprise,Niemcy,Integracje,Timeout,High,3.2.9,Desktop,macOS,86.0,True,False
ERR-00847,2024-01-30 04:04:42,CUST-0012,Enterprise,Hiszpania,Użytkownicy,Błąd interfejsu,Low,3.4.7,Mobile,iOS,8.0,True,False
ERR-00848,2024-11-22 23:25:23,CUST-0001,Enterprise,Polska,Raporty,Błąd autoryzacji,High,3.4.9,Desktop,macOS,85.0,True,False
ERR-00849,2024-09-19 12:51:47,CUST-0212,Startup,Niemcy,Integracje,Błąd bazy danych,High,3.6.9,Desktop,Windows,80.0,True,False
ERR-00850,2024-12-13 14:10:01,CUST-0037,Mid-market,Niemcy,Logowanie,Błąd autoryzacji,Medium,3.1.0,Desktop,Windows,83.0,True,False
ERR-00851,2024-03-14 03:54:38,CUST-0010,Enterprise,Francja,Raporty,Błąd interfejsu,Low,3.3.4,Desktop,macOS,11.0,True,False
ERR-00852,2024-12-13 16:50:28,CUST-0134,SMB,Polska,Logowanie,Timeout,Critical,3.9.4,Mobile,Android,,False,False
ERR-00853,2024-01-18 08:08:04,CUST-0161,Startup,Polska,Integracje,Błąd bazy danych,Critical,3.9.3,Mobile,Android,445.0,True,False
ERR-00854,2024-04-30 18:49:41,CUST-0095,SMB,Wielka Brytania,Użytkownicy,Timeout,Critical,3.8.5,Desktop,macOS,102.0,True,False
ERR-00855,2024-07-06 08:23:24,CUST-0244,Startup,Polska,Integracje,Błąd bazy danych,High,3.0.2,Desktop,Windows,124.0,True,False
ERR-00856,2024-10-17 08:02:38,CUST-0005,Enterprise,Niemcy,Logowanie,Timeout,Critical,3.4.3,Desktop,Windows,192.0,True,True
ERR-00857,2024-03-19 01:43:28,CUST-0125,SMB,Polska,Raporty,Błąd autoryzacji,Low,3.7.4,Desktop,Windows,18.0,True,False
ERR-00858,2024-07-08 12:23:28,CUST-0050,Mid-market,Polska,Raporty,Błąd interfejsu,Low,3.4.0,Desktop,Windows,46.0,True,False
ERR-00859,2024-02-09 13:36:08,CUST-0124,SMB,Polska,Raporty,Błąd interfejsu,Low,3.9.3,Desktop,Windows,40.0,True,False
ERR-00860,2024-09-28 03:23:25,CUST-0139,SMB,Polska,Eksport danych,Nieprawidłowe dane,Medium,3.7.5,Desktop,Windows,73.0,True,False
ERR-00861,2024-06-09 16:41:17,CUST-0107,SMB,Wielka Brytania,Eksport danych,Błąd bazy danych,High,3.1.0,Desktop,Windows,97.0,True,False
ERR-00862,2024-05-07 12:07:01,CUST-0147,SMB,Polska,Integracje,Nieprawidłowe dane,Medium,3.9.3,Desktop,macOS,60.0,True,False
ERR-00863,2024-04-05 13:31:33,CUST-0016,Enterprise,Wielka Brytania,Raporty,Błąd autoryzacji,Low,3.9.6,Desktop,macOS,,False,False
ERR-00864,2024-07-17 11:58:35,CUST-0053,Mid-market,Niemcy,Płatności,Timeout,High,3.1.1,Desktop,Windows,123.0,True,False
ERR-00865,2024-03-01 11:16:49,CUST-0211,Startup,Niemcy,Logowanie,Timeout,Critical,3.5.9,Desktop,Windows,280.0,True,False
ERR-00866,2024-05-13 13:45:28,CUST-0163,Startup,Niemcy,Raporty,Błąd bazy danych,High,3.4.1,Tablet,iOS,217.0,True,False
ERR-00867,2024-04-19 08:39:18,CUST-0015,Enterprise,Niemcy,Raporty,Timeout,Critical,3.4.6,Desktop,Windows,113.0,True,False
ERR-00868,2024-12-21 08:58:31,CUST-0024,Enterprise,Hiszpania,Integracje,Błąd autoryzacji,Low,3.2.6,Desktop,Windows,8.0,True,False
ERR-00869,2024-04-12 17:07:08,CUST-0023,Enterprise,Polska,Integracje,Błąd API,High,3.6.6,Desktop,Windows,,False,False
ERR-00870,2024-02-07 21:28:11,CUST-0138,SMB,Niemcy,Logowanie,Nieprawidłowe dane,Medium,3.9.6,Desktop,Windows,34.0,True,False
ERR-00871,2024-12-31 11:28:05,CUST-0121,SMB,Wielka Brytania,Raporty,Timeout,High,3.5.5,Mobile,iOS,46.0,True,False
ERR-00872,2024-12-15 09:54:20,CUST-0003,Enterprise,Wielka Brytania,Logowanie,Błąd autoryzacji,Low,3.1.2,Desktop,Windows,10.0,True,False
ERR-00873,2024-12-07 14:22:45,CUST-0050,Mid-market,Wielka Brytania,Logowanie,Timeout,High,3.7.3,Tablet,iOS,169.0,True,False
ERR-00874,2024-02-03 11:35:34,CUST-0086,SMB,Niemcy,Eksport danych,Timeout,Critical,3.4.3,Mobile,Android,469.0,True,False
ERR-00875,2024-05-28 01:57:19,CUST-0095,SMB,Hiszpania,Logowanie,Timeout,High,3.8.9,Desktop,macOS,72.0,True,False
ERR-00876,2024-03-21 08:45:45,CUST-0032,Mid-market,Niemcy,Raporty,Błąd bazy danych,High,3.4.8,Desktop,Windows,343.0,True,False
ERR-00877,2024-12-24 15:40:11,CUST-0052,Mid-market,Niemcy,Logowanie,Błąd bazy danych,Critical,3.2.8,Mobile,Android,206.0,True,True
ERR-00878,2024-07-04 14:32:14,CUST-0072,Mid-market,Polska,Eksport danych,Błąd bazy danych,Critical,3.2.8,Desktop,Windows,550.0,True,True
ERR-00879,2024-03-03 01:12:50,CUST-0004,Enterprise,Niemcy,Raporty,Timeout,High,3.8.5,Desktop,Windows,96.0,True,True
ERR-00880,2024-03-12 08:15:50,CUST-0074,Mid-market,Polska,Płatności,Nieprawidłowe dane,Medium,3.3.9,Desktop,Windows,78.0,True,True
ERR-00881,2024-09-09 09:01:23,CUST-0102,SMB,Polska,Raporty,Timeout,High,3.8.5,Desktop,Windows,56.0,True,False
ERR-00882,2024-10-10 15:36:23,CUST-0245,Startup,Wielka Brytania,Integracje,Błąd API,Medium,3.3.0,Desktop,Windows,40.0,True,False
ERR-00883,2024-08-27 01:51:35,CUST-0046,Mid-market,Polska,Użytkownicy,Nieprawidłowe dane,Medium,3.4.2,Desktop,Windows,16.0,True,False
ERR-00884,2024-03-07 05:39:56,CUST-0147,SMB,Polska,Płatności,Timeout,Critical,3.4.9,Mobile,Android,,False,False
ERR-00885,2024-02-14 16:04:19,CUST-0006,Enterprise,Polska,Eksport danych,Błąd autoryzacji,Medium,3.9.5,Desktop,macOS,48.0,True,False
ERR-00886,2024-07-22 08:45:46,CUST-0066,Mid-market,Wielka Brytania,Użytkownicy,Nieprawidłowe dane,Medium,3.9.4,Mobile,iOS,36.0,True,False
ERR-00887,2024-09-02 14:33:26,CUST-0006,Enterprise,Niemcy,Użytkownicy,Timeout,High,3.3.1,Desktop,macOS,,False,False
ERR-00888,2024-07-28 09:52:36,CUST-0011,Enterprise,Niemcy,Integracje,Błąd bazy danych,Critical,3.4.4,Desktop,macOS,230.0,True,False
ERR-00889,2024-02-07 05:08:20,CUST-0135,SMB,Hiszpania,Integracje,Błąd autoryzacji,High,3.2.2,Desktop,Windows,95.0,True,False
ERR-00890,2024-11-24 09:04:28,CUST-0210,Startup,Hiszpania,Raporty,Błąd bazy danych,High,3.5.6,Desktop,Windows,288.0,True,False
ERR-00891,2024-08-26 15:43:33,CUST-0008,Enterprise,Polska,Eksport danych,Timeout,Critical,3.4.9,Desktop,Windows,62.0,True,False
ERR-00892,2024-06-25 17:08:56,CUST-0056,Mid-market,Francja,Raporty,Błąd autoryzacji,Medium,3.9.2,Desktop,macOS,25.0,True,False
ERR-00893,2024-10-09 17:40:37,CUST-0104,SMB,Hiszpania,Integracje,Błąd bazy danych,High,3.9.4,Mobile,iOS,95.0,True,False
ERR-00894,2024-04-03 11:49:08,CUST-0006,Enterprise,Francja,Raporty,Timeout,Medium,3.4.5,Desktop,Windows,26.0,True,False
ERR-00895,2024-08-09 15:32:58,CUST-0071,Mid-market,Polska,Integracje,Timeout,High,3.5.3,Desktop,Windows,77.0,True,False
ERR-00896,2024-01-29 08:53:07,CUST-0136,SMB,Wielka Brytania,Eksport danych,Błąd autoryzacji,Low,3.9.2,Mobile,Android,53.0,True,False
ERR-00897,2024-09-22 09:09:19,CUST-0056,Mid-market,Niemcy,Logowanie,Błąd autoryzacji,Critical,3.8.7,Mobile,Android,92.0,True,False
ERR-00898,2024-03-25 18:10:20,CUST-0001,Enterprise,Polska,Eksport danych,Timeout,High,3.0.0,Desktop,Windows,48.0,True,False
ERR-00899,2024-12-29 00:14:22,CUST-0024,Enterprise,Niemcy,Raporty,Błąd autoryzacji,Critical,3.4.2,Desktop,Windows,263.0,True,False
ERR-00900,2024-09-22 04:57:18,CUST-0106,SMB,Polska,Eksport danych,Błąd interfejsu,Medium,3.4.7,Mobile,iOS,24.0,True,False
ERR-00901,2024-02-10 08:16:12,CUST-0059,Mid-market,Polska,Raporty,Błąd autoryzacji,Medium,3.3.4,Desktop,Windows,153.0,True,True
ERR-00902,2024-11-21 01:35:17,CUST-0019,Enterprise,Hiszpania,Raporty,Błąd API,Medium,3.2.9,Desktop,macOS,139.0,True,False
ERR-00903,2024-03-05 08:40:19,CUST-0135,SMB,Polska,Użytkownicy,Błąd autoryzacji,Low,3.0.5,Desktop,macOS,13.0,True,False
ERR-00904,2024-11-10 13:34:05,CUST-0013,Enterprise,Niemcy,Płatności,Timeout,High,3.7.6,Mobile,iOS,43.0,True,False
ERR-00905,2024-09-14 11:41:10,CUST-0081,SMB,Niemcy,Eksport danych,Błąd interfejsu,Low,3.3.9,Desktop,Windows,,False,False
ERR-00906,2024-10-30 18:37:09,CUST-0023,Enterprise,Polska,Raporty,Błąd autoryzacji,Medium,3.0.7,Tablet,iOS,24.0,True,False
ERR-00907,2024-03-28 17:42:39,CUST-0178,Startup,Wielka Brytania,Raporty,Błąd interfejsu,Medium,3.3.4,Desktop,Windows,126.0,True,False
ERR-00908,2024-11-05 10:21:53,CUST-0007,Enterprise,Polska,Płatności,Timeout,Critical,3.8.6,Mobile,iOS,154.0,True,True
ERR-00909,2024-10-15 09:02:52,CUST-0009,Enterprise,Polska,Raporty,Błąd bazy danych,High,3.8.9,Desktop,Windows,85.0,True,False
ERR-00910,2024-01-15 11:05:02,CUST-0025,Enterprise,Polska,Płatności,Błąd API,Low,3.5.2,Desktop,Linux,26.0,True,False
ERR-00911,2024-11-24 13:49:36,CUST-0023,Enterprise,Polska,Logowanie,Nieprawidłowe dane,Medium,3.4.7,Mobile,iOS,14.0,True,False
ERR-00912,2024-05-15 09:41:13,CUST-0159,Startup,Polska,Płatności,Błąd API,Critical,3.9.8,Desktop,macOS,,False,True
ERR-00913,2024-10-19 14:26:39,CUST-0224,Startup,Francja,Logowanie,Błąd API,High,3.3.0,Desktop,macOS,299.0,True,False
ERR-00914,2024-11-23 11:01:31,CUST-0004,Enterprise,Wielka Brytania,Użytkownicy,Timeout,High,3.3.2,Desktop,Windows,96.0,True,False
ERR-00915,2024-11-17 13:34:18,CUST-0065,Mid-market,Polska,Użytkownicy,Błąd autoryzacji,Medium,3.4.1,Desktop,Windows,57.0,True,False
ERR-00916,2024-11-24 11:19:30,CUST-0104,SMB,Francja,Raporty,Błąd interfejsu,Low,3.2.5,Desktop,Windows,,False,False
ERR-00917,2024-05-05 09:51:51,CUST-0197,Startup,Francja,Integracje,Timeout,Critical,3.4.5,Mobile,Android,712.0,True,True
ERR-00918,2024-12-16 21:25:19,CUST-0051,Mid-market,Hiszpania,Płatności,Timeout,Critical,3.9.3,Desktop,macOS,303.0,True,True
ERR-00919,2024-08-20 16:04:44,CUST-0007,Enterprise,Niemcy,Integracje,Błąd bazy danych,High,3.7.2,Desktop,Windows,36.0,True,False
ERR-00920,2024-01-31 07:10:28,CUST-0060,Mid-market,Polska,Eksport danych,Timeout,High,3.4.7,Desktop,Windows,90.0,True,False
ERR-00921,2024-07-31 17:30:29,CUST-0095,SMB,Polska,Użytkownicy,Błąd interfejsu,Low,3.9.5,Desktop,Windows,30.0,True,False
ERR-00922,2024-04-14 12:21:38,CUST-0009,Enterprise,Francja,Raporty,Błąd bazy danych,Critical,3.0.7,Mobile,Android,52.0,True,False
ERR-00923,2024-03-14 18:20:55,CUST-0073,Mid-market,Hiszpania,Eksport danych,Błąd API,Low,3.3.1,Desktop,Windows,82.0,True,False
ERR-00924,2024-06-12 16:46:55,CUST-0028,Enterprise,Polska,Płatności,Nieprawidłowe dane,Medium,3.6.4,Desktop,macOS,14.0,True,False
ERR-00925,2024-06-25 11:25:08,CUST-0143,SMB,Niemcy,Użytkownicy,Błąd autoryzacji,Low,3.7.2,Tablet,Android,46.0,True,False
ERR-00926,2024-07-08 01:32:35,CUST-0017,Enterprise,Wielka Brytania,Logowanie,Timeout,Critical,3.0.5,Desktop,Windows,130.0,True,False
ERR-00927,2024-02-24 09:20:15,CUST-0071,Mid-market,Hiszpania,Integracje,Błąd API,High,3.4.6,Mobile,iOS,38.0,True,False
ERR-00928,2024-08-26 13:07:17,CUST-0051,Mid-market,Wielka Brytania,Integracje,Timeout,Critical,3.7.7,Mobile,Android,,False,False
ERR-00929,2024-08-18 14:15:09,CUST-0069,Mid-market,Hiszpania,Integracje,Błąd bazy danych,High,3.8.1,Mobile,Android,284.0,True,False
ERR-00930,2024-02-19 09:03:18,CUST-0013,Enterprise,Niemcy,Logowanie,Błąd interfejsu,High,3.7.5,Desktop,Linux,,False,False
ERR-00931,2024-07-15 07:55:39,CUST-0070,Mid-market,Niemcy,Użytkownicy,Błąd API,Low,3.4.2,Mobile,Android,54.0,True,False
ERR-00932,2024-08-02 17:15:55,CUST-0056,Mid-market,Francja,Logowanie,Timeout,High,3.1.4,Mobile,Android,107.0,True,False
ERR-00933,2024-03-22 23:52:20,CUST-0068,Mid-market,Polska,Integracje,Błąd interfejsu,Low,3.4.8,Desktop,Windows,14.0,True,False
ERR-00934,2024-10-22 13:46:20,CUST-0038,Mid-market,Niemcy,Płatności,Błąd API,Critical,3.1.9,Desktop,macOS,97.0,True,False
ERR-00935,2024-04-07 08:48:10,CUST-0125,SMB,Francja,Płatności,Błąd API,Medium,3.9.6,Desktop,Windows,47.0,True,False
ERR-00936,2024-09-12 09:32:29,CUST-0126,SMB,Polska,Raporty,Timeout,Critical,3.5.1,Desktop,Windows,161.0,True,False
ERR-00937,2024-09-12 00:56:19,CUST-0028,Enterprise,Hiszpania,Raporty,Błąd interfejsu,Medium,3.4.2,Desktop,Windows,31.0,True,False
ERR-00938,2024-09-11 19:01:05,CUST-0139,SMB,Niemcy,Logowanie,Błąd API,Low,3.8.4,Desktop,macOS,112.0,True,False
ERR-00939,2024-07-20 06:32:29,CUST-0070,Mid-market,Wielka Brytania,Logowanie,Błąd bazy danych,High,3.5.4,Desktop,Windows,118.0,True,True
ERR-00940,2024-05-03 13:13:37,CUST-0006,Enterprise,Polska,Raporty,Nieprawidłowe dane,Low,3.4.2,Desktop,Windows,38.0,True,False
ERR-00941,2024-06-29 09:03:03,CUST-0027,Enterprise,Polska,Eksport danych,Timeout,High,3.8.7,Desktop,Windows,,False,False
ERR-00942,2024-05-24 13:31:38,CUST-0022,Enterprise,Francja,Eksport danych,Błąd API,Low,3.9.0,Desktop,Windows,21.0,True,False
ERR-00943,2024-11-30 14:43:30,CUST-0119,SMB,Polska,Logowanie,Nieprawidłowe dane,Low,3.8.0,Tablet,iOS,29.0,True,False
ERR-00944,2024-05-26 17:34:00,CUST-0091,SMB,Francja,Raporty,Timeout,Critical,3.0.7,Desktop,macOS,553.0,True,False
ERR-00945,2024-02-25 08:27:08,CUST-0098,SMB,Hiszpania,Logowanie,Nieprawidłowe dane,Critical,3.6.4,Desktop,Windows,243.0,True,True
ERR-00946,2024-05-15 00:46:23,CUST-0051,Mid-market,Polska,Logowanie,Błąd interfejsu,Medium,3.8.4,Desktop,macOS,113.0,True,False
ERR-00947,2024-07-25 07:23:02,CUST-0038,Mid-market,Niemcy,Integracje,Błąd bazy danych,High,3.2.0,Desktop,macOS,69.0,True,False
ERR-00948,2024-07-24 18:03:36,CUST-0008,Enterprise,Niemcy,Integracje,Błąd bazy danych,Low,3.3.4,Mobile,iOS,7.0,True,False
ERR-00949,2024-10-14 17:12:23,CUST-0010,Enterprise,Niemcy,Logowanie,Nieprawidłowe dane,Medium,3.9.1,Tablet,Android,68.0,True,False
ERR-00950,2024-10-10 14:18:04,CUST-0038,Mid-market,Wielka Brytania,Płatności,Nieprawidłowe dane,High,3.0.3,Desktop,Windows,121.0,True,True
ERR-00951,2024-07-16 14:32:28,CUST-0006,Enterprise,Hiszpania,Logowanie,Timeout,Medium,3.8.4,Tablet,Android,76.0,True,False
ERR-00952,2024-10-08 14:17:52,CUST-0012,Enterprise,Francja,Eksport danych,Błąd autoryzacji,Low,3.5.1,Desktop,macOS,47.0,True,False
ERR-00953,2024-11-15 08:43:39,CUST-0075,Mid-market,Francja,Użytkownicy,Błąd API,High,3.4.9,Desktop,Windows,41.0,True,False
ERR-00954,2024-03-01 19:08:06,CUST-0099,SMB,Niemcy,Logowanie,Błąd bazy danych,High,3.0.1,Desktop,Windows,128.0,True,False
ERR-00955,2024-07-20 11:23:50,CUST-0216,Startup,Wielka Brytania,Płatności,Błąd API,Low,3.8.7,Mobile,Android,28.0,True,True
ERR-00956,2024-06-22 11:35:23,CUST-0200,Startup,Francja,Eksport danych,Błąd bazy danych,High,3.4.4,Desktop,Windows,187.0,True,False
ERR-00957,2024-03-14 13:12:38,CUST-0057,Mid-market,Francja,Użytkownicy,Timeout,High,3.6.1,Mobile,iOS,187.0,True,False
ERR-00958,2024-09-17 02:25:32,CUST-0069,Mid-market,Wielka Brytania,Raporty,Błąd bazy danych,High,3.8.0,Mobile,iOS,68.0,True,False
ERR-00959,2024-01-21 08:02:02,CUST-0039,Mid-market,Polska,Logowanie,Timeout,Critical,3.8.1,Desktop,Windows,228.0,True,False
ERR-00960,2024-03-11 15:45:21,CUST-0130,SMB,Hiszpania,Logowanie,Błąd bazy danych,Critical,3.9.6,Desktop,macOS,386.0,True,False
ERR-00961,2024-08-30 04:33:29,CUST-0014,Enterprise,Polska,Raporty,Błąd API,Medium,3.5.9,Mobile,Android,14.0,True,False
ERR-00962,2024-03-17 14:38:57,CUST-0042,Mid-market,Polska,Raporty,Timeout,Critical,3.4.6,Desktop,Windows,395.0,True,False
ERR-00963,2024-09-20 09:08:20,CUST-0143,SMB,Polska,Logowanie,Timeout,High,3.9.6,Desktop,Windows,157.0,True,False
ERR-00964,2024-11-09 11:20:10,CUST-0021,Enterprise,Wielka Brytania,Raporty,Błąd bazy danych,Critical,3.7.6,Desktop,Windows,403.0,True,False
ERR-00965,2024-07-20 09:39:47,CUST-0065,Mid-market,Wielka Brytania,Logowanie,Błąd API,Medium,3.4.1,Desktop,Windows,36.0,True,False
ERR-00966,2024-06-02 10:37:21,CUST-0075,Mid-market,Francja,Eksport danych,Timeout,Critical,3.1.8,Desktop,macOS,94.0,True,False
ERR-00967,2024-09-16 15:53:32,CUST-0030,Enterprise,Francja,Płatności,Błąd interfejsu,Critical,3.8.8,Desktop,Windows,130.0,True,False
ERR-00968,2024-09-29 10:31:45,CUST-0021,Enterprise,Niemcy,Logowanie,Błąd bazy danych,Medium,3.4.4,Desktop,macOS,13.0,True,False
ERR-00969,2024-10-15 13:19:30,CUST-0030,Enterprise,Wielka Brytania,Raporty,Błąd interfejsu,Critical,3.7.9,Desktop,Windows,464.0,True,False
ERR-00970,2024-01-09 12:23:21,CUST-0006,Enterprise,Niemcy,Raporty,Błąd API,High,3.5.0,Mobile,Android,25.0,True,False
ERR-00971,2024-12-10 14:07:26,CUST-0018,Enterprise,Niemcy,Użytkownicy,Błąd API,High,3.2.9,Tablet,Android,107.0,True,True
ERR-00972,2024-10-25 20:19:50,CUST-0102,SMB,Polska,Raporty,Nieprawidłowe dane,Low,3.7.0,Desktop,Windows,,False,False
ERR-00973,2024-12-18 15:40:01,CUST-0016,Enterprise,Hiszpania,Płatności,Błąd API,High,3.0.9,Desktop,Windows,,False,False
ERR-00974,2024-11-01 08:30:16,CUST-0049,Mid-market,Francja,Integracje,Błąd bazy danych,Critical,3.4.7,Tablet,Android,215.0,True,False
ERR-00975,2024-12-01 01:50:49,CUST-0005,Enterprise,Niemcy,Płatności,Timeout,High,3.6.1,Desktop,Windows,50.0,True,True
ERR-00976,2024-10-23 09:36:14,CUST-0174,Startup,Polska,Użytkownicy,Błąd API,Critical,3.4.8,Desktop,Windows,122.0,True,True
ERR-00977,2024-01-27 14:37:30,CUST-0011,Enterprise,Hiszpania,Raporty,Błąd autoryzacji,Low,3.8.4,Tablet,Android,20.0,True,True
ERR-00978,2024-03-28 02:33:40,CUST-0059,Mid-market,Polska,Raporty,Timeout,Medium,3.8.8,Mobile,iOS,58.0,True,False
ERR-00979,2024-11-13 12:49:53,CUST-0230,Startup,Francja,Logowanie,Błąd autoryzacji,Medium,3.8.5,Mobile,iOS,,False,False
ERR-00980,2024-07-13 14:09:52,CUST-0087,SMB,Wielka Brytania,Raporty,Błąd autoryzacji,Medium,3.0.5,Mobile,Android,40.0,True,False
ERR-00981,2024-12-14 10:15:02,CUST-0028,Enterprise,Niemcy,Eksport danych,Błąd interfejsu,Medium,3.2.9,Desktop,macOS,82.0,True,False
ERR-00982,2024-10-20 16:44:07,CUST-0126,SMB,Polska,Eksport danych,Timeout,Low,3.6.0,Desktop,Windows,21.0,True,False
ERR-00983,2024-04-07 05:01:28,CUST-0031,Mid-market,Francja,Płatności,Błąd bazy danych,Critical,3.9.5,Mobile,iOS,187.0,True,False
ERR-00984,2024-06-09 04:26:09,CUST-0062,Mid-market,Hiszpania,Płatności,Nieprawidłowe dane,Low,3.8.8,Desktop,Windows,,False,False
ERR-00985,2024-07-30 15:44:13,CUST-0005,Enterprise,Niemcy,Eksport danych,Błąd API,Low,3.8.8,Desktop,Windows,17.0,True,False
ERR-00986,2024-07-29 12:32:49,CUST-0007,Enterprise,Wielka Brytania,Użytkownicy,Błąd autoryzacji,Low,3.4.1,Mobile,iOS,7.0,True,False
ERR-00987,2024-11-09 15:58:30,CUST-0130,SMB,Polska,Logowanie,Błąd bazy danych,High,3.4.8,Mobile,Android,368.0,True,False
ERR-00988,2024-02-01 11:45:08,CUST-0066,Mid-market,Niemcy,Raporty,Błąd bazy danych,Critical,3.5.0,Desktop,Linux,162.0,True,False
ERR-00989,2024-09-22 09:13:35,CUST-0063,Mid-market,Francja,Płatności,Błąd bazy danych,Critical,3.2.3,Mobile,iOS,88.0,True,False
ERR-00990,2024-06-15 17:42:30,CUST-0144,SMB,Wielka Brytania,Eksport danych,Błąd bazy danych,Critical,3.0.4,Mobile,iOS,208.0,True,False
ERR-00991,2024-09-26 16:24:20,CUST-0133,SMB,Polska,Logowanie,Błąd interfejsu,Low,3.9.6,Mobile,Android,38.0,True,False
ERR-00992,2024-03-29 15:29:58,CUST-0022,Enterprise,Hiszpania,Płatności,Błąd API,Medium,3.3.6,Desktop,Windows,32.0,True,False
ERR-00993,2024-09-29 09:21:34,CUST-0062,Mid-market,Niemcy,Eksport danych,Timeout,High,3.3.5,Desktop,Windows,150.0,True,True
ERR-00994,2024-06-30 13:43:49,CUST-0014,Enterprise,Niemcy,Logowanie,Błąd bazy danych,High,3.1.2,Desktop,Windows,26.0,True,False
ERR-00995,2024-12-14 10:41:51,CUST-0137,SMB,Polska,Raporty,Błąd autoryzacji,Low,3.9.4,Desktop,Windows,20.0,True,False
ERR-00996,2024-12-20 04:16:39,CUST-0143,SMB,Wielka Brytania,Raporty,Nieprawidłowe dane,Medium,3.6.6,Desktop,Windows,123.0,True,False
ERR-00997,2024-09-04 19:12:15,CUST-0172,Startup,Polska,Płatności,Błąd autoryzacji,Medium,3.8.0,Desktop,Windows,,False,False
ERR-00998,2024-05-22 07:35:19,CUST-0003,Enterprise,Polska,Raporty,Timeout,Critical,3.9.3,Desktop,Linux,,False,False
ERR-00999,2024-04-25 21:19:49,CUST-0019,Enterprise,Polska,Raporty,Nieprawidłowe dane,Medium,3.4.3,Tablet,Android,12.0,True,False
ERR-01000,2024-05-27 12:45:13,CUST-0001,Enterprise,Wielka Brytania,Logowanie,Błąd API,Low,3.7.3,Desktop,Linux,34.0,True,False
